ID,Type,CraftingDifficultyID,CraftedItemID,ItemBonusTreeID,CraftingDifficulty,Field_10_0_0_44649_005,CraftSkillBonusPercent,ReCraftSkillBonusPercent,InspirationSkillBonusPercent,Field_10_0_0_44649_009,Field_10_0_0_45141_011,FirstCraftFlagQuestID,FirstCraftTreasureID,Field_10_2_5_52432_014,CraftedTreasureID
1,0,1,0,0,30,0,0,0,0,0,0,0,0,0,0
2,0,1,0,0,325,0,0,0,0,0,0,71352,115755,0,0
6,0,2,192081,3535,325,0,0,0,0,0,0,71303,115754,0,0
7,0,1,0,0,325,0,0,0,0,0,0,71353,110591,0,0
8,0,1,0,0,325,0,0,0,0,0,0,75587,110591,0,0
9,0,1,0,0,200,0,0,0,0,0,0,71355,110591,0,0
10,0,2,189182,0,325,0,0,0,0,0,0,0,0,0,0
14,0,1,0,0,400,0,0,0,0,0,0,71264,115752,0,0
31,0,1,0,0,400,0,0,0,0,0,0,71265,115752,0,0
58,0,1,0,0,450,0,0,0,0,0,0,71266,115752,0,0
63,0,1,0,0,450,0,0,0,0,0,0,71267,115752,0,0
64,0,1,0,0,400,0,0,0,0,0,0,71268,115752,0,0
65,0,1,0,0,400,0,0,0,0,0,0,71269,115752,0,0
66,0,1,0,0,400,0,0,0,0,0,0,71270,115752,0,0
71,0,1,0,0,300,0,0,0,0,0,0,71271,113706,0,0
74,0,1,0,0,400,0,0,0,0,0,0,71274,113706,0,0
75,0,1,0,0,400,0,0,0,0,0,0,71275,113706,0,0
76,0,1,0,0,200,0,0,0,0,0,0,71272,113706,0,0
77,0,1,0,0,200,0,0,0,0,0,0,71276,113706,0,0
78,0,1,0,0,400,0,0,0,0,0,0,71277,113706,0,0
80,0,1,0,0,450,0,0,0,0,0,0,71278,115752,0,0
82,0,1,0,0,450,0,0,0,0,0,0,71279,113706,0,0
83,0,1,0,0,400,0,0,0,0,0,0,71280,115752,0,0
84,0,1,0,0,450,0,0,0,0,0,0,71281,115752,0,0
85,0,1,0,0,450,0,0,0,0,0,0,71282,115752,0,0
86,0,1,0,0,400,0,0,0,0,0,0,71283,115752,0,0
87,0,1,0,0,450,0,0,0,0,0,0,71284,115752,0,0
88,0,1,0,0,40,0,0,0,0,0,0,71285,113706,0,0
89,0,1,0,0,450,0,0,0,0,0,0,71286,115752,0,0
90,0,1,0,0,60,0,0,0,0,0,0,71287,115753,0,0
91,0,1,0,0,425,0,0,0,0,0,0,71288,115752,0,0
93,0,1,0,0,150,0,0,0,0,0,0,71291,113706,0,0
94,0,1,0,0,150,0,0,0,0,0,0,71292,113706,0,0
95,0,1,0,0,150,0,0,0,0,0,0,71293,113706,0,0
97,0,1,0,0,425,0,40,0,0,0,0,71296,115752,0,0
98,0,1,0,0,450,0,40,0,0,0,0,71295,115752,0,0
99,0,1,0,0,300,0,0,0,0,0,0,71247,113706,0,0
101,0,1,0,0,250,0,0,0,0,0,0,71249,115753,0,0
102,0,1,0,0,325,0,0,0,0,0,0,71248,115753,0,0
103,0,1,0,0,300,0,0,0,0,0,0,71261,115752,0,0
104,0,1,0,0,250,0,0,0,0,0,0,71260,113706,0,0
105,0,1,0,0,250,0,0,0,0,0,0,71259,113706,0,0
106,0,1,0,0,150,0,0,0,0,0,0,71289,113706,0,0
107,0,1,0,0,300,0,0,0,0,0,0,71254,115753,0,0
108,0,1,0,0,300,0,0,0,0,0,0,71255,115753,0,0
109,0,1,0,0,60,0,0,0,0,0,0,71256,113706,0,0
110,0,1,0,0,300,0,0,0,0,0,0,71257,115753,0,0
111,0,1,0,0,300,0,0,0,0,0,0,71258,115753,0,0
114,0,1,0,0,325,0,0,0,0,0,0,71263,113706,0,0
115,0,1,0,0,325,0,0,0,0,0,0,71262,113706,0,0
116,0,0,190321,0,0,0,0,0,0,0,0,71299,115753,0,0
118,0,0,190329,0,0,0,0,0,0,0,0,71300,115753,0,0
119,0,0,190316,0,0,0,0,0,0,0,0,71298,115753,0,0
120,0,0,190327,0,0,0,0,0,0,0,0,71297,115753,0,0
121,0,2,190519,3535,325,0,0,0,0,0,0,71309,115754,0,0
122,0,2,190503,3535,280,0,0,0,0,0,0,71304,115754,0,0
123,0,2,190514,3535,280,0,0,0,0,0,0,71381,115754,0,0
124,0,2,191241,3728,80,0,0,0,0,0,0,71363,115755,0,0
125,0,2,191240,3728,80,0,0,0,0,0,0,71369,115755,0,0
126,0,2,191242,3728,80,0,0,0,0,0,0,71367,115755,0,0
127,0,2,191238,3728,80,0,0,0,0,0,0,71365,115755,0,0
128,0,2,191234,3728,80,0,0,0,0,0,0,71584,115761,0,0
129,0,2,191233,3728,80,0,0,0,0,0,0,71586,115761,0,0
130,0,2,191237,3728,80,0,0,0,0,0,0,71361,115755,0,0
131,0,2,191239,3728,80,0,0,0,0,0,0,71349,115755,0,0
132,0,1,0,0,325,0,0,0,0,0,0,71358,115755,0,0
133,0,1,0,0,325,0,0,0,0,0,0,71359,110591,0,0
134,0,2,191236,3728,80,0,0,0,0,0,0,71347,115755,0,0
135,0,2,191235,3728,80,0,0,0,0,0,0,71345,115755,0,0
136,0,2,191224,3728,425,0,0,0,0,0,0,71364,115754,0,0
137,0,2,191231,3728,375,0,0,0,0,0,0,71585,115760,0,0
138,0,2,191888,3728,425,0,0,0,0,0,0,71362,115754,0,0
139,0,2,191232,3728,375,0,0,0,0,0,0,71587,115760,0,0
140,0,2,191223,3728,425,0,0,0,0,0,0,71368,115754,0,0
141,0,2,191227,3728,425,0,0,0,0,0,0,71366,115754,0,0
144,0,2,191226,3728,400,0,0,0,0,0,0,71350,115754,0,0
145,0,2,191225,3728,425,0,0,0,0,0,0,71370,115754,0,0
146,0,2,191229,3728,400,0,0,0,0,0,0,71348,115754,0,0
147,0,2,191228,3728,450,0,0,0,0,0,0,71360,115754,0,0
148,0,2,191230,3728,400,0,0,0,0,0,0,71346,115754,0,0
153,0,0,191256,0,0,0,0,0,0,0,0,71344,115755,0,0
154,0,0,191260,0,0,0,0,0,0,0,0,71357,115755,0,0
155,0,1,0,0,300,0,0,0,0,0,0,71356,110591,0,0
156,0,0,191886,0,0,0,0,0,0,0,0,71351,110591,0,0
157,0,2,190523,3535,325,0,0,0,0,0,0,71305,115754,0,0
158,0,2,191623,3535,325,0,0,0,0,0,0,71306,115754,0,0
159,0,2,190522,3535,325,0,0,0,0,0,0,71308,115754,0,0
160,0,2,191985,3535,325,0,0,0,0,0,0,71307,115754,0,0
161,0,2,190526,3535,325,0,0,0,0,0,0,71310,115754,0,0
162,0,2,190520,3535,325,0,0,0,0,0,0,71312,110591,0,0
163,0,2,190521,3535,325,0,0,0,0,0,0,71311,110591,0,0
164,0,2,189538,3534,40,0,0,0,0,0,0,71313,115755,0,0
165,0,2,189537,3534,40,0,0,0,0,0,0,71314,115755,0,0
166,0,2,189539,3534,40,0,0,0,0,0,0,71315,115755,0,0
167,0,2,190495,3535,280,0,0,0,0,0,0,71316,115754,0,0
168,0,2,190496,3535,280,0,0,0,0,0,0,71317,115754,0,0
169,0,2,190497,3535,280,0,0,0,0,0,0,71318,115754,0,0
170,0,2,190498,3535,280,0,0,0,0,0,0,71319,115754,0,0
171,0,2,190499,3535,280,0,0,0,0,0,0,71320,115754,0,0
172,0,2,190500,3535,280,0,0,0,0,0,0,71321,115754,0,0
173,0,2,190501,3535,280,0,0,0,0,0,0,71322,115754,0,0
174,0,2,190502,3535,280,0,0,0,0,0,0,71323,115754,0,0
175,0,2,190487,3534,60,0,0,0,0,0,0,71332,115755,0,0
176,0,2,190484,3534,60,0,0,0,0,0,0,71333,115755,0,0
177,0,2,190486,3534,60,0,0,0,0,0,0,71334,110591,0,0
178,0,2,190482,3534,60,0,0,0,0,0,0,71335,110591,0,0
179,0,2,190483,3534,60,0,0,0,0,0,0,71336,115755,0,0
180,0,2,190485,3534,60,0,0,0,0,0,0,71337,115755,0,0
181,0,2,190512,3535,280,0,0,0,0,0,0,71374,115754,0,0
182,0,2,190518,3535,280,0,0,0,0,0,0,71375,115754,0,0
183,0,2,190517,3535,280,0,0,0,0,0,0,71376,115754,0,0
184,0,2,190516,3535,280,0,0,0,0,0,0,71377,115754,0,0
185,0,2,190513,3535,280,0,0,0,0,0,0,71378,115754,0,0
186,0,2,190515,3535,280,0,0,0,0,0,0,71379,115754,0,0
187,0,2,190511,3535,280,0,0,0,0,0,0,71380,115754,0,0
188,0,2,190509,3535,280,0,0,0,0,0,0,71382,115754,0,0
189,0,2,190507,3535,280,0,0,0,0,0,0,71383,115754,0,0
190,0,2,190510,3535,280,0,0,0,0,0,0,71384,115754,0,0
191,0,2,190506,3535,280,0,0,0,0,0,0,71385,115754,0,0
192,0,2,190505,3535,280,0,0,0,0,0,0,71386,115754,0,0
193,0,2,190508,3535,280,0,0,0,0,0,0,71387,115754,0,0
194,0,2,191935,0,300,0,0,0,0,0,0,0,115748,3,0
195,0,1,0,0,325,0,0,0,0,0,0,71341,110591,0,0
196,0,1,0,0,325,0,0,0,0,0,0,71340,115755,0,0
197,0,1,0,0,325,0,0,0,0,0,0,71338,110591,0,0
198,0,1,0,0,325,0,0,0,0,0,0,71339,110591,0,0
200,0,2,191491,3535,275,0,0,0,0,0,0,71245,115752,0,0
201,0,2,191492,3535,275,0,0,0,0,0,0,71246,115752,0,0
202,1,1,0,0,325,20,50,0,40,0,0,0,0,0,110883
203,1,1,0,0,325,0,0,0,0,0,0,71251,113706,0,114212
204,1,1,0,0,325,0,0,0,0,0,0,71250,115753,0,114212
205,1,1,0,0,325,0,0,0,0,0,0,71253,113706,0,114213
206,1,1,0,0,325,0,0,0,0,0,0,71252,115753,0,114213
214,0,1,0,0,60,0,0,0,0,0,0,71625,115763,0,0
215,0,1,0,0,60,0,0,0,0,0,0,71626,115763,0,0
216,0,1,0,0,60,0,0,0,0,0,0,71623,115763,0,0
217,0,1,0,0,60,0,0,0,0,0,0,71624,115763,0,0
218,0,1,0,0,150,0,0,0,0,0,0,71622,115763,0,0
219,0,1,0,0,325,0,0,0,0,0,0,71639,113711,0,0
220,0,1,0,0,325,0,0,0,0,0,0,71640,113711,0,0
221,0,1,0,0,325,0,0,0,0,0,0,71642,113711,0,0
222,0,1,0,0,325,0,0,0,0,0,0,71641,113711,0,0
223,0,1,0,0,325,0,0,0,0,0,0,71645,113711,0,0
224,0,1,0,0,325,0,0,0,0,0,0,71643,113711,0,0
225,0,1,0,0,325,0,0,0,0,0,0,71644,113711,0,0
226,0,1,0,0,325,0,0,0,0,0,0,71646,113711,0,0
227,0,1,0,0,325,0,0,0,0,0,0,71633,113711,0,0
228,0,1,0,0,325,0,0,0,0,0,0,71632,113711,0,0
229,0,1,0,0,325,0,0,0,0,0,0,71634,113711,0,0
230,0,1,0,0,325,0,0,0,0,0,0,71631,113711,0,0
231,0,1,0,0,325,0,0,0,0,0,0,71637,113711,0,0
232,0,1,0,0,325,0,0,0,0,0,0,71635,113711,0,0
233,0,1,0,0,325,0,0,0,0,0,0,71638,113711,0,0
234,0,1,0,0,325,0,0,0,0,0,0,71636,113711,0,0
235,0,1,0,0,300,0,0,0,0,0,0,71629,113711,0,0
236,0,1,0,0,300,0,0,0,0,0,0,71627,113711,0,0
237,0,1,0,0,300,0,0,0,0,0,0,71628,113711,0,0
238,0,1,0,0,300,0,0,0,0,0,0,71630,113711,0,0
239,0,1,0,0,375,0,0,0,0,0,0,71619,115762,0,0
240,0,1,0,0,375,0,0,0,0,0,0,71617,115762,0,0
241,0,1,0,0,375,0,0,0,0,0,0,71618,115762,0,0
242,0,1,0,0,375,0,0,0,0,0,0,71620,115762,0,0
243,0,1,0,0,275,0,0,0,0,0,0,71657,115762,0,0
245,0,1,0,0,200,0,0,0,0,0,0,71672,115763,0,0
246,0,1,0,0,300,0,0,0,0,0,0,71673,115763,0,0
247,0,1,0,0,300,0,0,0,0,0,0,71675,115763,0,0
248,0,1,0,0,200,0,0,0,0,0,0,71676,115763,0,0
249,0,1,0,0,225,0,0,0,0,0,0,71647,113711,0,0
250,0,1,0,0,275,0,0,0,0,0,0,71648,113711,0,0
251,0,2,193003,3535,325,0,0,0,0,0,0,71681,115762,0,0
252,0,2,193004,3535,325,0,0,0,0,0,0,71682,115762,0,0
253,0,2,193005,3535,325,0,0,0,0,0,0,71679,115762,0,0
254,0,2,193006,3535,325,0,0,0,0,0,0,71680,115762,0,0
255,0,2,192996,3534,40,0,0,0,0,0,0,71602,115763,0,0
256,0,2,192997,3534,120,0,0,0,0,0,0,71609,113711,0,0
257,0,2,192998,3534,120,0,0,0,0,0,0,71608,113711,0,0
258,0,2,192999,3535,280,0,0,0,0,0,0,71605,115762,0,0
259,0,2,193000,3535,315,0,0,0,0,0,0,71606,115762,0,0
260,0,2,193001,3535,315,0,0,0,0,0,0,71603,115762,0,0
261,0,2,193002,3535,315,0,0,0,0,0,0,71604,115762,0,0
262,0,1,0,0,300,0,0,0,0,0,0,71613,113711,0,0
263,0,1,0,0,250,0,0,0,0,0,0,71612,113711,0,0
264,0,1,0,0,300,0,0,0,0,0,0,71610,113711,0,0
265,0,1,0,0,375,0,0,0,0,0,0,71614,113711,0,0
266,0,0,193887,0,0,0,0,0,0,0,0,71670,113711,0,0
267,0,0,193886,0,0,0,0,0,0,0,0,71671,113711,0,0
268,0,0,193888,0,0,0,0,0,0,0,0,71668,113711,0,0
269,0,0,193889,0,0,0,0,0,0,0,0,71669,113711,0,0
270,0,0,193885,0,0,0,0,0,0,0,0,71667,113711,0,0
271,0,1,0,0,225,0,0,0,0,0,0,71650,113711,0,0
272,0,0,193032,0,0,0,0,0,0,0,0,71677,113711,0,0
273,0,0,193033,0,0,0,0,0,0,0,0,71678,113711,0,0
274,0,0,193034,0,0,0,0,0,0,0,0,71649,113711,0,0
275,0,2,193035,3728,80,0,0,0,0,0,0,71661,115763,0,0
276,0,2,193036,3728,80,0,0,0,0,0,0,71662,115763,0,0
277,0,2,193037,3728,80,0,0,0,0,0,0,71665,115763,0,0
278,0,2,193038,3728,80,0,0,0,0,0,0,71659,115763,0,0
279,0,2,193039,3728,325,0,0,0,0,0,0,71663,115762,0,0
280,0,2,193040,3728,325,0,0,0,0,0,0,71664,115762,0,0
281,0,2,193041,3728,325,0,0,0,0,0,0,71666,115762,0,0
282,0,2,193042,3728,325,0,0,0,0,0,0,71660,115762,0,0
283,0,1,0,0,250,0,0,0,0,0,0,71656,113711,0,0
284,0,1,0,0,250,0,0,0,0,0,0,71655,113711,0,0
285,0,1,0,0,250,0,0,0,0,0,0,71652,113711,0,0
286,0,1,0,0,250,0,0,0,0,0,0,71651,113711,0,0
287,0,1,0,0,250,0,0,0,0,0,0,71653,113711,0,0
288,0,0,192893,0,0,0,0,0,0,0,0,71654,115762,0,0
289,0,1,0,0,275,0,0,0,0,0,0,71674,113711,0,0
290,2,1,0,0,100,10,50,0,50,0,0,0,0,0,0
291,2,1,0,0,265,0,0,0,0,0,0,0,0,0,0
292,0,0,193371,0,0,0,0,0,0,0,0,71615,113711,0,0
294,0,2,193399,3535,280,0,0,0,0,0,0,71707,115764,0,0
295,0,2,193466,3535,415,0,0,0,0,0,0,71715,115764,0,0
296,0,2,193487,3728,80,0,0,0,0,0,0,71683,113712,0,0
297,0,2,193459,3535,415,0,0,0,0,0,0,71720,115764,0,0
298,0,1,0,0,350,0,0,0,0,0,0,71757,113712,0,0
299,0,2,193612,3728,80,0,0,0,0,0,0,71744,113712,0,0
300,0,1,0,0,375,0,0,0,0,0,0,71762,115765,0,0
301,0,1,0,0,375,0,0,0,0,0,0,71766,115765,0,0
302,0,2,193464,3535,435,0,0,0,0,0,0,71740,115764,0,0
303,0,2,193462,3535,415,0,0,0,0,0,0,71717,115764,0,0
304,0,2,193461,3535,415,0,0,0,0,0,0,71716,115764,0,0
305,0,1,0,0,300,0,0,0,0,0,0,71761,113712,0,0
307,0,1,0,0,300,0,0,0,0,0,0,71763,113712,0,0
308,0,1,0,0,375,0,0,0,0,0,0,71764,115765,0,0
309,0,2,193485,3728,80,0,0,0,0,0,0,71749,115765,0,0
310,0,2,193492,3728,275,0,0,0,0,0,0,71756,115764,0,0
311,0,1,0,0,350,0,0,0,0,0,0,71758,113712,0,0
312,0,0,193470,0,300,0,0,0,0,0,0,71746,115765,0,0
313,0,2,193494,3535,415,0,0,0,0,0,0,71702,115764,0,0
314,0,1,0,0,375,0,0,0,0,0,0,71765,115765,0,0
315,0,1,0,0,375,0,0,0,0,0,0,71742,113712,0,0
316,0,0,193476,0,0,0,0,0,0,0,0,71772,113712,0,0
317,0,2,193407,3535,280,0,0,0,0,0,0,71712,115764,0,0
318,0,2,193419,3535,280,0,0,0,0,0,0,71713,115764,0,0
319,0,2,193398,3535,280,0,0,0,0,0,0,71706,115764,0,0
320,0,2,193400,3535,280,0,0,0,0,0,0,71709,115764,0,0
321,0,2,193418,3535,280,0,0,0,0,0,0,71708,115764,0,0
322,0,2,193406,3535,280,0,0,0,0,0,0,71711,115764,0,0
323,0,2,193408,3535,280,0,0,0,0,0,0,71710,115764,0,0
324,0,2,193453,3535,415,0,0,0,0,0,0,71692,115764,0,0
325,0,2,193479,3728,80,0,0,0,0,0,0,71751,115765,0,0
326,0,2,193434,3534,120,0,0,0,0,0,0,71700,113712,0,0
327,0,2,193437,3534,120,0,0,0,0,0,0,71701,113712,0,0
328,0,2,193430,3534,120,0,0,0,0,0,0,71694,113712,0,0
329,0,2,193432,3534,120,0,0,0,0,0,0,71697,113712,0,0
330,0,2,193431,3534,120,0,0,0,0,0,0,71695,113712,0,0
331,0,2,193436,3534,120,0,0,0,0,0,0,71696,113712,0,0
332,0,2,193433,3534,120,0,0,0,0,0,0,71699,113712,0,0
333,0,2,193435,3534,120,0,0,0,0,0,0,71698,113712,0,0
334,0,2,193388,3534,40,0,0,0,0,0,0,72569,115765,0,0
335,0,2,193386,3534,40,0,0,0,0,0,0,71704,115765,0,0
336,0,2,193390,3534,40,0,0,0,0,0,0,71703,115765,0,0
337,0,2,193449,3535,280,0,0,0,0,0,0,71775,115764,0,0
338,0,2,193615,3728,80,0,0,0,0,0,0,71753,115765,0,0
339,0,2,193486,3728,80,0,0,0,0,0,0,71755,115765,0,0
340,0,2,193493,3728,275,0,0,0,0,0,0,71684,115764,0,0
341,0,2,193613,3728,275,0,0,0,0,0,0,71745,115764,0,0
342,0,2,193491,3728,275,0,0,0,0,0,0,71750,115764,0,0
343,0,2,193488,3728,275,0,0,0,0,0,0,71752,115764,0,0
344,0,2,193616,3728,275,0,0,0,0,0,0,71754,115764,0,0
345,0,2,193489,3728,275,0,0,0,0,0,0,71768,115764,0,0
346,0,2,193490,3728,275,0,0,0,0,0,0,71770,115764,0,0
347,0,1,0,0,375,0,0,0,0,0,0,71760,115765,0,0
348,0,2,193454,3535,415,0,0,0,0,0,0,71691,115764,0,0
350,0,2,193425,3535,280,0,0,0,0,0,0,71738,115764,0,0
351,0,2,193428,3535,280,0,0,0,0,0,0,71739,115764,0,0
352,0,2,193421,3535,280,0,0,0,0,0,0,71732,115764,0,0
353,0,2,193423,3535,280,0,0,0,0,0,0,71735,115764,0,0
354,0,2,193422,3535,280,0,0,0,0,0,0,71733,115764,0,0
355,0,2,193427,3535,280,0,0,0,0,0,0,71734,115764,0,0
356,0,2,193424,3535,280,0,0,0,0,0,0,71737,115764,0,0
357,0,2,193426,3535,280,0,0,0,0,0,0,71736,115764,0,0
359,0,1,0,0,150,0,0,0,0,0,0,71743,115765,0,0
360,0,2,193475,3534,280,0,0,0,0,0,0,71774,113712,0,0
361,0,2,193495,3535,280,0,0,0,0,0,0,71776,113712,0,0
362,0,2,193393,3534,40,0,0,0,0,0,0,71731,115765,0,0
363,0,2,193392,3534,40,0,0,0,0,0,0,71730,115765,0,0
364,0,2,193465,3535,415,0,0,0,0,0,0,71718,115764,0,0
365,0,2,193394,3534,40,0,0,0,0,0,0,71729,115765,0,0
366,0,2,193443,3534,120,0,0,0,0,0,0,71727,113712,0,0
367,0,2,193446,3534,120,0,0,0,0,0,0,71728,113712,0,0
368,0,2,193439,3534,120,0,0,0,0,0,0,71721,113712,0,0
369,0,2,193441,3534,120,0,0,0,0,0,0,71724,113712,0,0
370,0,2,193440,3534,120,0,0,0,0,0,0,71722,113712,0,0
371,0,2,193445,3534,120,0,0,0,0,0,0,71723,113712,0,0
372,0,2,193442,3534,120,0,0,0,0,0,0,71726,113712,0,0
373,0,2,193444,3534,120,0,0,0,0,0,0,71725,113712,0,0
374,0,2,193482,3728,80,0,0,0,0,0,0,71769,115765,0,0
375,0,2,193480,3728,80,0,0,0,0,0,0,71767,115765,0,0
376,0,2,193451,3535,415,0,0,0,0,0,0,71686,115764,0,0
377,0,2,193458,3535,415,0,0,0,0,0,0,71693,115764,0,0
378,0,1,0,0,375,0,0,0,0,0,0,71759,115765,0,0
379,0,2,193457,3535,415,0,0,0,0,0,0,71690,115764,0,0
380,0,2,193383,3534,60,0,0,0,0,0,0,71777,113712,0,0
381,0,1,0,0,375,0,0,0,0,0,0,71741,113712,0,0
382,0,2,193456,3535,415,0,0,0,0,0,0,71689,115764,0,0
383,0,2,193452,3535,415,0,0,0,0,0,0,71687,115764,0,0
384,0,0,193478,0,0,0,0,0,0,0,0,71773,113712,0,0
385,0,2,193455,3535,415,0,0,0,0,0,0,71688,115764,0,0
386,0,2,193460,3535,415,0,0,0,0,0,0,71714,115764,0,0
387,0,2,193463,3535,415,0,0,0,0,0,0,71719,115764,0,0
388,0,2,193496,3535,275,0,0,0,0,0,0,71685,115764,0,0
392,2,0,0,0,0,0,0,0,0,0,0,0,0,0,0
396,0,0,193893,0,0,0,0,0,0,0,0,0,0,0,0
397,0,0,193894,0,0,0,0,0,0,0,0,0,0,0,0
398,0,0,193895,0,0,0,0,0,0,0,0,0,0,0,0
399,0,0,193896,0,0,0,0,0,0,0,0,0,0,0,0
400,0,2,194082,3534,60,0,0,0,0,0,0,71607,115763,0,0
402,0,2,193530,3535,400,0,0,0,0,0,0,71783,115766,0,0
403,0,2,193526,3535,400,0,0,0,0,0,0,71779,115766,0,0
404,0,2,193520,3535,400,0,0,0,0,0,0,71788,115766,0,0
405,0,2,193536,3535,400,0,0,0,0,0,0,71786,115766,0,0
406,0,2,193525,3535,400,0,0,0,0,0,0,71787,115766,0,0
407,0,2,193513,3535,400,0,0,0,0,0,0,71780,115766,0,0
408,0,2,193524,3535,400,0,0,0,0,0,0,71781,115766,0,0
409,0,2,193531,3535,400,0,0,0,0,0,0,71784,113715,0,0
410,0,2,193532,3535,400,0,0,0,0,0,0,71782,115766,0,0
411,0,2,193535,3535,400,0,0,0,0,0,0,71785,113715,0,0
412,0,2,193527,3535,400,0,0,0,0,0,0,71789,115766,0,0
413,0,2,193537,3535,400,0,0,0,0,0,0,71790,115766,0,0
414,0,2,193512,3535,400,0,0,0,0,0,0,71791,115766,0,0
415,0,2,193505,3534,120,0,0,0,0,0,0,71813,113715,0,0
416,0,2,193522,3534,120,0,0,0,0,0,0,71805,113715,0,0
417,0,2,193507,3534,120,0,0,0,0,0,0,71808,113715,0,0
418,0,2,193506,3534,120,0,0,0,0,0,0,71809,113715,0,0
419,0,2,193501,3534,120,0,0,0,0,0,0,71810,113715,0,0
420,0,2,193517,3534,120,0,0,0,0,0,0,71812,113715,0,0
421,0,2,193502,3534,120,0,0,0,0,0,0,71811,113715,0,0
422,0,2,193503,3534,120,0,0,0,0,0,0,71807,113715,0,0
423,0,2,193514,3534,120,0,0,0,0,0,0,71806,113715,0,0
424,0,2,193540,3728,475,0,0,0,0,0,0,71832,115766,0,0
425,0,2,193497,3534,40,0,0,0,0,0,0,71795,115767,0,0
426,0,2,193515,3534,40,0,0,0,0,0,0,71793,115767,0,0
427,0,2,193498,3534,40,0,0,0,0,0,0,71794,115767,0,0
428,0,2,193500,3534,60,0,0,0,0,0,0,71792,115767,0,0
429,0,2,193521,3535,400,0,0,0,0,0,0,71778,115766,0,0
430,0,2,193609,3534,120,0,0,0,0,0,0,71331,110591,0,0
431,0,2,193602,3534,120,0,0,0,0,0,0,71324,110591,0,0
432,0,2,193604,3534,120,0,0,0,0,0,0,71326,110591,0,0
433,0,2,193606,3534,120,0,0,0,0,0,0,71328,110591,0,0
434,0,2,193605,3534,120,0,0,0,0,0,0,71327,110591,0,0
435,0,2,193607,3534,120,0,0,0,0,0,0,71329,110591,0,0
436,0,2,193603,3534,120,0,0,0,0,0,0,71325,110591,0,0
437,0,2,193608,3534,120,0,0,0,0,0,0,71330,110591,0,0
438,0,2,193544,3728,400,0,0,0,0,0,0,71830,115766,0,0
439,0,2,193545,3728,400,0,0,0,0,0,0,71834,115766,0,0
440,0,2,193533,3728,400,0,0,0,0,0,0,71836,115766,0,0
441,0,2,193543,3728,400,0,0,0,0,0,0,71838,115766,0,0
442,0,2,193542,3728,400,0,0,0,0,0,0,71840,115766,0,0
443,0,2,193516,3535,280,0,0,0,0,0,0,71803,115766,0,0
444,0,2,193504,3535,280,0,0,0,0,0,0,71799,115766,0,0
445,0,2,193523,3535,280,0,0,0,0,0,0,71800,115766,0,0
446,0,2,193511,3535,280,0,0,0,0,0,0,71796,115766,0,0
447,0,2,193508,3535,280,0,0,0,0,0,0,71802,115766,0,0
448,0,2,193518,3535,280,0,0,0,0,0,0,71801,115766,0,0
449,0,2,193519,3535,280,0,0,0,0,0,0,71798,115766,0,0
450,0,2,193509,3535,280,0,0,0,0,0,0,71797,115766,0,0
451,0,2,193510,3535,280,0,0,0,0,0,0,71804,115766,0,0
452,0,2,193528,3728,80,0,0,0,0,0,0,71829,115767,0,0
453,0,2,193534,3728,80,0,0,0,0,0,0,71833,115767,0,0
454,0,2,193539,3728,80,0,0,0,0,0,0,71835,113715,0,0
455,0,2,193529,3728,80,0,0,0,0,0,0,71837,115767,0,0
456,0,2,193538,3728,80,0,0,0,0,0,0,71839,115767,0,0
457,0,2,193541,3728,80,0,0,0,0,0,0,71831,115767,0,0
458,0,1,0,0,200,0,0,0,0,0,0,71819,113715,0,0
459,0,1,0,0,425,0,0,0,0,0,0,71842,113715,0,0
460,0,0,194018,0,0,0,0,0,0,0,0,71815,113715,0,0
461,0,1,0,0,200,0,0,0,0,0,0,71821,115767,0,0
462,0,1,0,0,200,0,0,0,0,0,0,71845,113715,0,0
463,0,1,0,0,325,0,0,0,0,0,0,71827,113715,0,0
464,0,1,0,0,325,0,0,0,0,0,0,71828,113715,0,0
465,0,1,0,0,425,0,0,0,0,0,0,71843,113715,0,0
466,0,0,194020,0,0,0,0,0,0,0,0,71847,113715,0,0
467,0,0,194058,0,0,0,0,0,0,0,0,71853,113715,0,0
468,0,0,194057,0,0,0,0,0,0,0,0,71852,113715,0,0
469,0,0,194056,0,0,0,0,0,0,0,0,71850,113715,0,0
470,0,1,0,0,325,0,0,0,0,0,0,71817,113715,0,0
471,0,1,0,0,325,0,0,0,0,0,0,71818,113715,0,0
472,0,0,194060,0,0,0,0,0,0,0,0,71855,113715,0,0
473,0,0,194052,0,0,0,0,0,0,0,0,71851,113715,0,0
474,0,1,0,0,425,0,0,0,0,0,0,71825,115766,0,0
475,0,1,0,0,300,0,0,0,0,0,0,71823,115767,0,0
476,0,0,194019,0,0,0,0,0,0,0,0,71846,115767,0,0
477,0,1,0,0,425,0,0,0,0,0,0,71826,115766,0,0
478,0,0,194059,0,0,0,0,0,0,0,0,71854,113715,0,0
479,0,1,0,0,300,0,0,0,0,0,0,71822,115767,0,0
480,0,1,0,0,300,0,0,0,0,0,0,71820,113715,0,0
481,0,1,0,0,150,0,0,0,0,0,0,71824,113715,0,0
482,0,1,0,0,300,0,0,0,0,0,0,71844,113715,0,0
483,0,0,194017,0,0,0,0,0,0,0,0,71814,113715,0,0
484,0,1,0,0,40,0,0,0,0,0,0,71816,115767,0,0
485,0,1,0,0,60,0,0,0,0,0,0,71841,115767,0,0
486,0,0,194051,0,0,0,0,0,0,0,0,71856,113715,0,0
487,1,0,0,0,0,0,0,0,0,0,0,71848,113715,0,111811
488,1,0,0,0,0,0,0,0,0,0,0,71849,113715,0,111812
489,2,1,0,0,225,0,0,0,0,0,0,0,0,0,0
490,0,1,0,0,375,0,0,0,0,0,0,71621,113711,0,0
491,0,0,194428,0,0,0,0,0,0,0,0,71658,113711,0,0
494,0,0,194541,0,0,0,0,0,0,0,0,71343,110591,0,0
495,0,0,194542,0,0,0,0,0,0,0,0,71342,110591,0,0
496,0,1,0,0,250,0,0,0,0,0,0,71611,113711,0,0
499,0,7,194714,0,50,10,200,0,10,0,0,0,0,0,0
500,0,0,194748,0,0,0,0,0,0,0,0,71616,113711,0,0
501,0,0,194902,0,0,0,0,0,0,0,0,0,0,0,0
502,0,1,0,0,200,0,0,0,0,0,0,71273,115753,0,0
503,0,0,197756,0,0,0,0,0,0,0,0,0,0,0,0
504,0,0,197757,0,0,0,0,0,0,0,0,0,0,0,0
505,0,0,197758,0,0,0,0,0,0,0,0,0,0,0,0
506,0,0,197759,0,0,0,0,0,0,0,0,0,0,0,0
507,0,0,197760,0,0,0,0,0,0,0,0,0,0,0,0
508,0,0,197761,0,0,0,0,0,0,0,0,0,0,0,0
509,0,0,197762,0,0,0,0,0,0,0,0,0,0,0,0
510,0,0,197763,0,0,0,0,0,0,0,0,0,0,0,0
511,0,0,197764,0,0,0,0,0,0,0,0,0,0,0,0
512,0,0,197765,0,0,0,0,0,0,0,0,0,0,0,0
513,0,0,197766,0,0,0,0,0,0,0,0,0,0,0,0
514,0,0,197767,0,0,0,0,0,0,0,0,0,0,0,0
515,0,0,197768,0,0,0,0,0,0,0,0,0,0,0,0
516,0,0,197769,0,0,0,0,0,0,0,0,0,0,0,0
517,0,0,197770,0,0,0,0,0,0,0,0,0,0,0,0
518,0,0,197771,0,0,0,0,0,0,0,0,0,0,0,0
519,0,0,197772,0,0,0,0,0,0,0,0,0,0,0,0
520,0,0,197773,0,0,0,0,0,0,0,0,0,0,0,0
521,0,0,197774,0,0,0,0,0,0,0,0,0,0,0,0
522,0,0,197775,0,0,0,0,0,0,0,0,0,0,0,0
523,0,0,197776,0,0,0,0,0,0,0,0,0,0,0,0
524,0,0,197777,0,0,0,0,0,0,0,0,0,0,0,0
525,0,0,197778,0,0,0,0,0,0,0,0,0,0,0,0
526,0,0,197779,0,0,0,0,0,0,0,0,0,0,0,0
527,0,0,197780,0,0,0,0,0,0,0,0,0,0,0,0
528,0,0,197781,0,0,0,0,0,0,0,0,0,0,0,0
529,0,0,197782,0,0,0,0,0,0,0,0,0,0,0,0
530,0,0,197783,0,0,0,0,0,0,0,0,0,0,0,0
531,0,0,197784,0,0,0,0,0,0,0,0,0,0,0,0
532,0,0,197785,0,0,0,0,0,0,0,0,0,0,0,0
533,0,0,197786,0,0,0,0,0,0,0,0,0,0,0,0
534,0,0,197787,0,0,0,0,0,0,0,0,0,0,0,0
535,0,0,197788,0,0,0,0,0,0,0,0,0,0,0,0
536,0,0,197789,0,0,0,0,0,0,0,0,0,0,0,0
537,0,0,197790,0,0,0,0,0,0,0,0,0,0,0,0
538,0,0,197791,0,0,0,0,0,0,0,0,0,0,0,0
539,0,0,197792,0,0,0,0,0,0,0,0,0,0,0,0
540,0,0,197793,0,0,0,0,0,0,0,0,0,0,0,0
541,0,0,197794,0,0,0,0,0,0,0,0,0,0,0,0
542,0,0,197795,0,0,0,0,0,0,0,0,0,0,0,0
544,0,1,0,0,150,0,0,0,0,0,0,71529,115761,0,0
545,0,0,197719,0,0,0,0,0,0,0,0,71771,113712,0,0
546,2,0,0,0,0,0,0,0,0,0,0,0,0,0,0
547,0,0,197736,0,0,0,0,0,0,0,0,71747,113712,0,0
548,0,0,197735,0,0,0,0,0,0,0,0,71748,113712,0,0
550,2,1,0,0,250,0,0,0,0,0,0,0,0,0,0
551,1,0,0,0,0,0,0,0,0,0,0,71302,115753,0,110521
552,1,0,0,0,0,0,0,0,0,0,0,71301,115753,0,110827
553,0,0,198401,0,0,0,0,0,0,0,0,0,0,0,0
554,0,0,198403,0,0,0,0,0,0,0,0,0,0,0,0
555,0,0,198404,0,0,0,0,0,0,0,0,0,0,0,0
556,0,0,193906,0,0,0,0,0,0,0,0,0,0,0,0
557,2,0,0,0,0,0,0,0,0,0,0,0,0,0,0
558,0,2,198322,3535,320,0,0,0,0,0,0,71440,115758,0,0
559,0,2,198327,3535,320,0,0,0,0,0,0,71445,115758,0,0
560,0,2,198332,3535,320,0,0,0,0,0,0,71450,115758,0,0
561,0,2,198333,3535,320,0,0,0,0,0,0,71451,115758,0,0
562,0,2,198335,3535,320,0,0,0,0,0,0,71510,115758,0,0
563,0,1,0,0,250,0,0,0,0,0,0,71463,115759,0,0
564,0,1,0,0,300,0,0,0,0,0,0,71461,113708,0,0
565,0,1,0,0,425,0,0,0,0,0,0,71502,113708,0,0
566,0,1,0,0,425,0,0,0,0,0,0,71507,113708,0,0
567,0,1,0,0,425,0,0,0,0,0,0,71508,113708,0,0
568,0,1,0,0,350,0,0,0,0,0,0,71471,113708,0,0
569,0,2,198226,3728,425,0,0,0,0,0,0,71490,115758,0,0
570,0,1,0,0,250,0,0,0,0,0,0,71462,115759,0,0
571,0,1,0,0,350,0,0,0,0,0,0,71458,113708,0,0
572,0,1,0,0,450,0,0,0,0,0,0,71464,113708,0,0
573,0,1,0,0,425,0,0,0,0,0,0,71501,113708,0,0
574,0,2,194872,3535,360,0,0,0,0,0,0,71591,115760,0,0
575,0,1,0,0,300,0,0,0,0,0,0,71499,113708,0,0
576,0,2,198263,3728,425,0,0,0,0,0,0,71496,113708,0,0
577,0,2,194126,3728,400,0,0,0,0,0,0,71498,115758,0,0
578,0,2,198244,3728,425,0,0,0,0,0,0,71494,115758,0,0
579,0,2,198235,3728,400,0,0,0,0,0,0,71492,115758,0,0
580,0,1,0,0,350,0,0,0,0,0,0,71460,113708,0,0
581,0,1,0,0,425,0,0,0,0,0,0,71506,113708,0,0
582,0,1,0,0,250,0,0,0,0,0,0,71484,113708,0,0
583,0,1,0,0,425,0,0,0,0,0,0,71477,113708,0,0
584,0,1,0,0,425,0,0,0,0,0,0,71476,113708,0,0
585,0,1,0,0,425,0,0,0,0,0,0,71474,113708,0,0
586,0,1,0,0,50,0,0,0,0,0,0,71478,115759,0,0
587,0,1,0,0,250,0,0,0,0,0,0,71468,113708,0,0
588,0,1,0,0,425,0,0,0,0,0,0,71469,113708,0,0
590,0,1,0,0,300,0,0,0,0,0,0,71437,113708,0,0
591,0,1,0,0,450,0,0,0,0,0,0,71452,115758,0,0
592,0,1,0,0,250,0,0,0,0,0,0,71466,113708,0,0
593,0,1,0,0,350,0,0,0,0,0,0,71465,113708,0,0
594,0,1,0,0,250,0,0,0,0,0,0,71467,113708,0,0
595,0,1,0,0,450,0,0,0,0,0,0,71453,115758,0,0
596,0,1,0,0,425,0,0,0,0,0,0,71504,113708,0,0
597,0,1,0,0,175,0,0,0,0,0,0,71457,113708,0,0
598,0,1,0,0,150,0,0,0,0,0,0,71479,115759,0,0
599,0,1,0,0,200,0,0,0,0,0,0,71480,115759,0,0
600,0,1,0,0,250,0,0,0,0,0,0,71481,115759,0,0
601,0,1,0,0,350,0,0,0,0,0,0,71482,113708,0,0
602,0,1,0,0,300,0,0,0,0,0,0,71483,113708,0,0
604,0,1,0,0,425,0,0,0,0,0,0,71455,113708,0,0
605,0,1,0,0,425,0,0,0,0,0,0,71470,113708,0,0
606,0,1,0,0,425,0,0,0,0,0,0,71472,113708,0,0
607,0,1,0,0,425,0,0,0,0,0,0,71509,113708,0,0
608,0,1,0,0,425,0,0,0,0,0,0,71438,113708,0,0
609,0,1,0,0,425,0,0,0,0,0,0,71439,113708,0,0
611,0,2,198328,3534,40,0,0,0,0,0,0,71446,115759,0,0
612,0,2,198329,3534,40,0,0,0,0,0,0,71447,115759,0,0
613,0,2,198330,3534,40,0,0,0,0,0,0,71448,115759,0,0
614,0,2,198331,3534,40,0,0,0,0,0,0,71449,115759,0,0
615,0,2,198334,3534,60,0,0,0,0,0,0,71511,113708,0,0
616,0,2,198323,3535,320,0,0,0,0,0,0,71441,115758,0,0
617,0,2,198324,3535,320,0,0,0,0,0,0,71442,115758,0,0
618,0,2,198325,3535,320,0,0,0,0,0,0,71443,115758,0,0
619,0,2,198326,3535,320,0,0,0,0,0,0,71444,115758,0,0
620,0,2,198243,3728,80,0,0,0,0,0,0,71493,113708,0,0
621,0,2,198262,3728,80,0,0,0,0,0,0,71495,113708,0,0
622,0,2,198225,3728,80,0,0,0,0,0,0,71489,113708,0,0
623,0,2,198234,3728,80,0,0,0,0,0,0,71491,113708,0,0
624,0,2,194125,3728,80,0,0,0,0,0,0,71497,113708,0,0
625,0,2,198245,3728,80,0,0,0,0,0,0,71487,113708,0,0
626,0,2,198204,3728,80,0,0,0,0,0,0,71485,113708,0,0
627,0,2,198246,3728,400,0,0,0,0,0,0,71488,115758,0,0
628,0,2,198205,3728,425,0,0,0,0,0,0,71486,115758,0,0
629,0,1,0,0,425,0,0,0,0,0,0,71503,113708,0,0
630,0,1,0,0,425,0,0,0,0,0,0,71512,113708,0,0
631,0,1,0,0,325,0,0,0,0,0,0,71454,113708,0,0
632,3,1,0,0,100,0,0,0,0,0,0,0,0,0,0
633,0,2,198477,3535,360,0,0,0,0,0,0,71590,115760,0,0
634,0,2,198478,3535,360,0,0,0,0,0,0,71592,115760,0,0
635,0,2,198481,3535,360,0,0,0,0,0,0,71593,115760,0,0
636,0,1,0,0,80,0,0,0,0,0,0,71599,115761,0,0
637,0,0,190396,0,0,0,0,0,0,0,0,0,0,0,0
638,0,0,190394,0,0,0,0,0,0,0,0,0,0,0,0
639,0,0,188658,0,0,0,0,0,0,0,0,0,0,0,0
640,0,0,190311,0,0,0,0,0,0,0,0,0,0,0,0
641,0,0,190313,0,0,0,0,0,0,0,0,0,0,0,0
642,0,0,190314,0,0,0,0,0,0,0,0,0,0,0,0
643,0,1,0,0,80,0,0,0,0,0,0,71601,115761,0,0
644,0,1,0,0,80,0,0,0,0,0,0,71600,115761,0,0
645,0,1,0,0,260,0,0,0,0,0,0,71597,115761,0,0
646,0,1,0,0,300,0,0,0,0,0,0,71598,113710,0,0
647,0,0,194827,0,0,0,0,0,0,0,0,71521,113710,0,0
648,0,0,194704,0,0,0,0,0,0,0,0,71524,113710,0,0
649,0,0,194708,0,0,0,0,0,0,0,0,71528,113710,0,0
650,0,0,198454,0,0,0,0,0,0,0,0,71520,113710,0,0
651,0,0,194700,0,0,0,0,0,0,0,0,71527,113710,0,0
652,0,0,194698,0,0,0,0,0,0,0,0,71530,113710,0,0
653,0,0,194697,0,0,0,0,0,0,0,0,71519,113710,0,0
654,0,0,194702,0,0,0,0,0,0,0,0,71522,113710,0,0
655,0,0,194699,0,0,0,0,0,0,0,0,71525,113710,0,0
656,0,0,194703,0,0,0,0,0,0,0,0,71526,113710,0,0
657,0,1,0,0,275,0,0,0,0,0,0,71558,113710,0,0
658,0,1,0,0,275,0,0,0,0,0,0,71565,113710,0,0
659,0,1,0,0,275,0,0,0,0,0,0,71564,113710,0,0
660,0,1,0,0,275,0,0,0,0,0,0,71568,113710,0,0
661,0,1,0,0,275,0,0,0,0,0,0,71566,113710,0,0
662,0,1,0,0,275,0,0,0,0,0,0,71567,113710,0,0
663,0,1,0,0,300,0,0,0,0,0,0,71555,113710,0,0
664,0,1,0,0,300,0,0,0,0,0,0,71557,113710,0,0
665,0,1,0,0,300,0,0,0,0,0,0,71556,113710,0,0
666,0,0,194829,0,0,0,0,0,0,0,0,71554,115761,0,0
667,0,1,0,0,260,0,0,0,0,0,0,71570,115761,0,0
668,0,1,0,0,260,0,0,0,0,0,0,71569,115761,0,0
669,0,1,0,0,300,0,0,0,0,0,0,71559,113710,0,0
670,0,1,0,0,300,0,0,0,0,0,0,71560,113710,0,0
671,0,1,0,0,300,0,0,0,0,0,0,71563,113710,0,0
672,0,1,0,0,300,0,0,0,0,0,0,71561,113710,0,0
673,0,1,0,0,300,0,0,0,0,0,0,71562,113710,0,0
674,0,2,194877,3534,60,0,0,0,0,0,0,71596,115761,0,0
675,0,2,194879,3535,300,0,0,0,0,0,0,71595,115760,0,0
676,0,2,194898,3535,300,0,0,0,0,0,0,71515,115760,0,0
677,0,2,194897,3535,300,0,0,0,0,0,0,71514,115760,0,0
678,0,2,194893,3534,60,0,0,0,0,0,0,71518,115761,0,0
679,0,2,194892,3534,60,0,0,0,0,0,0,71517,115761,0,0
680,0,2,194894,3535,350,0,0,0,0,0,0,71516,115760,0,0
681,0,1,0,0,360,0,0,0,0,0,0,71594,113710,0,0
682,0,2,194874,3728,80,0,0,0,0,0,0,71588,115761,0,0
683,0,2,194875,3728,375,0,0,0,0,0,0,71589,115760,0,0
684,0,0,194732,0,0,0,0,0,0,0,0,71549,115761,0,0
685,0,0,194731,0,0,0,0,0,0,0,0,71550,115761,0,0
686,0,0,194733,0,0,0,0,0,0,0,0,71546,115761,0,0
687,0,0,194734,0,0,0,0,0,0,0,0,71553,115761,0,0
688,0,0,194735,0,0,0,0,0,0,0,0,71547,115761,0,0
689,0,0,194736,0,0,0,0,0,0,0,0,71548,115761,0,0
690,0,0,194737,0,0,0,0,0,0,0,0,71552,115761,0,0
691,0,0,194738,0,0,0,0,0,0,0,0,71551,115761,0,0
692,0,1,0,0,300,0,0,0,0,0,0,71581,113710,0,0
693,0,1,0,0,300,0,0,0,0,0,0,71582,113710,0,0
694,0,1,0,0,300,0,0,0,0,0,0,71578,113710,0,0
695,0,1,0,0,300,0,0,0,0,0,0,71579,113710,0,0
696,0,1,0,0,300,0,0,0,0,0,0,71580,113710,0,0
697,0,0,196981,0,0,0,0,0,0,0,0,71531,113710,0,0
698,0,0,196988,0,0,0,0,0,0,0,0,71532,113710,0,0
699,0,0,196980,0,0,0,0,0,0,0,0,71533,113710,0,0
700,0,0,197117,0,0,0,0,0,0,0,0,71534,113710,0,0
701,0,0,197108,0,0,0,0,0,0,0,0,71535,113710,0,0
702,0,0,197154,0,0,0,0,0,0,0,0,71536,113710,0,0
703,0,0,197394,0,0,0,0,0,0,0,0,71538,113710,0,0
704,0,0,197377,0,0,0,0,0,0,0,0,71539,113710,0,0
705,0,0,197362,0,0,0,0,0,0,0,0,71540,113710,0,0
706,0,0,197597,0,0,0,0,0,0,0,0,71542,113710,0,0
707,0,0,197592,0,0,0,0,0,0,0,0,71543,113710,0,0
708,0,0,197634,0,0,0,0,0,0,0,0,71544,113710,0,0
709,0,0,197347,0,0,0,0,0,0,0,0,71537,113710,0,0
710,0,0,197352,0,0,0,0,0,0,0,0,71541,113710,0,0
711,0,0,198510,0,0,0,0,0,0,0,0,71523,113710,0,0
712,0,1,0,0,425,0,0,0,0,0,0,71475,113708,0,0
713,2,0,0,0,0,0,0,0,0,0,0,0,0,0,0
714,0,0,198836,0,0,0,0,0,0,0,0,71500,113708,0,0
716,0,0,198804,0,0,0,0,0,0,0,0,0,0,0,0
717,0,0,198805,0,0,0,0,0,0,0,0,0,0,0,0
718,0,0,198806,0,0,0,0,0,0,0,0,0,0,0,0
719,0,0,198807,0,0,0,0,0,0,0,0,0,0,0,0
720,0,0,190321,0,0,0,0,0,0,0,0,71545,113710,0,0
721,0,1,0,0,425,0,0,0,0,0,0,71505,113708,0,0
722,0,1,0,0,300,0,0,0,0,0,0,71459,113708,0,0
723,0,0,191305,0,0,0,0,0,0,0,0,71513,113708,0,0
724,0,0,199414,0,0,0,0,0,0,0,0,71456,113708,0,0
725,2,0,0,0,0,0,0,0,0,0,0,0,0,0,0
726,0,0,140367,0,0,0,0,0,0,0,0,71583,113710,0,0
728,3,1,0,0,40,0,0,0,0,0,0,71408,115757,0,0
731,3,1,0,0,40,0,0,0,0,0,0,71410,115757,0,0
732,3,1,0,0,40,0,0,0,0,0,0,71412,115757,0,0
733,3,1,0,0,40,0,0,0,0,0,0,71414,113707,0,0
734,3,1,0,0,425,0,0,0,0,0,0,71409,113707,0,0
735,3,1,0,0,425,0,0,0,0,0,0,71411,113707,0,0
736,3,1,0,0,425,0,0,0,0,0,0,71413,113707,0,0
737,3,1,0,0,425,0,0,0,0,0,0,71415,113707,0,0
738,3,1,0,0,60,0,0,0,0,0,0,71392,115757,0,0
739,3,1,0,0,60,0,0,0,0,0,0,71394,115757,0,0
740,3,1,0,0,60,0,0,0,0,0,0,71396,115757,0,0
741,3,1,0,0,425,0,0,0,0,0,0,71393,113707,0,0
742,3,1,0,0,425,0,0,0,0,0,0,71395,113707,0,0
743,3,1,0,0,425,0,0,0,0,0,0,71397,113707,0,0
744,0,0,191304,0,0,0,0,0,0,0,0,71388,110591,0,0
745,3,1,0,0,200,0,0,0,0,0,0,71402,115757,0,0
746,3,1,0,0,200,0,0,0,0,0,0,71404,115757,0,0
747,3,1,0,0,200,0,0,0,0,0,0,71406,115757,0,0
748,3,1,0,0,400,0,0,0,0,0,0,71403,113707,0,0
749,3,1,0,0,400,0,0,0,0,0,0,71405,113707,0,0
750,3,1,0,0,400,0,0,0,0,0,0,71407,113707,0,0
751,3,1,0,0,350,0,0,0,0,0,0,71400,113707,0,0
752,3,1,0,0,400,0,0,0,0,0,0,71398,113707,0,0
753,3,1,0,0,400,0,0,0,0,0,0,71399,113707,0,0
754,3,1,0,0,400,0,0,0,0,0,0,71401,113707,0,0
755,3,1,0,0,450,0,0,0,0,0,0,71390,113707,0,0
756,3,1,0,0,450,0,0,0,0,0,0,71389,113707,0,0
757,3,1,0,0,450,0,0,0,0,0,0,71391,113707,0,0
758,3,1,0,0,400,0,0,0,0,0,0,71416,113707,0,0
759,3,1,0,0,400,0,0,0,0,0,0,71417,113707,0,0
760,3,1,0,0,400,0,0,0,0,0,0,71418,113707,0,0
761,3,1,0,0,400,0,0,0,0,0,0,71419,113707,0,0
762,3,1,0,0,400,0,0,0,0,0,0,71420,113707,0,0
763,3,1,0,0,300,0,0,0,0,0,0,71425,113707,0,0
764,3,1,0,0,300,0,0,0,0,0,0,71423,113707,0,0
765,3,1,0,0,300,0,0,0,0,0,0,71429,113707,0,0
766,3,1,0,0,300,0,0,0,0,0,0,71427,113707,0,0
767,3,1,0,0,300,0,0,0,0,0,0,71421,113707,0,0
768,3,1,0,0,425,0,0,0,0,0,0,71426,115756,0,0
769,3,1,0,0,425,0,0,0,0,0,0,71424,115756,0,0
770,3,1,0,0,425,0,0,0,0,0,0,71430,115756,0,0
771,3,1,0,0,425,0,0,0,0,0,0,71428,115756,0,0
772,3,1,0,0,425,0,0,0,0,0,0,71422,115756,0,0
773,0,2,198715,3728,80,0,0,0,0,0,0,71433,115757,0,0
774,0,2,198716,3728,350,0,0,0,0,0,0,71434,115756,0,0
775,0,1,0,0,275,0,0,0,0,0,0,71572,113710,0,0
776,0,1,0,0,275,0,0,0,0,0,0,71574,113710,0,0
777,0,1,0,0,275,0,0,0,0,0,0,71573,113710,0,0
778,0,1,0,0,275,0,0,0,0,0,0,71571,113710,0,0
779,0,1,0,0,275,0,0,0,0,0,0,71576,113710,0,0
780,0,1,0,0,275,0,0,0,0,0,0,71577,113710,0,0
781,0,1,0,0,275,0,0,0,0,0,0,71575,113710,0,0
782,3,1,0,0,275,0,0,0,0,0,0,71432,113707,0,0
783,0,2,200641,3534,60,0,0,0,0,0,0,71435,113707,0,0
784,0,2,200642,3535,265,0,0,0,0,0,0,71436,115756,0,0
785,0,1,0,0,300,0,0,0,0,0,0,71431,113707,0,0
786,2,1,0,0,0,0,0,0,0,0,0,0,0,0,0
787,2,1,0,0,0,0,0,0,0,0,0,0,0,0,0
788,0,0,197578,0,0,0,0,0,0,0,0,72013,113710,0,0
789,0,0,197091,0,0,0,0,0,0,0,0,72014,113710,0,0
790,0,0,196963,0,0,0,0,0,0,0,0,72015,113710,0,0
791,0,0,197579,0,0,0,0,0,0,0,0,72016,113710,0,0
792,0,0,197096,0,0,0,0,0,0,0,0,72017,113710,0,0
793,0,0,196968,0,0,0,0,0,0,0,0,72018,113710,0,0
794,0,0,200938,0,0,0,0,0,0,0,0,71862,113711,0,0
795,0,0,201023,0,0,0,0,0,0,0,0,71528,113710,0,0
796,0,0,198206,0,0,0,0,0,0,0,0,71865,113708,0,0
797,0,0,198173,0,0,0,0,0,0,0,0,71866,113708,0,0
798,0,0,198264,0,0,0,0,0,0,0,0,71863,113708,0,0
800,0,0,198172,0,0,0,0,0,0,0,0,71868,113708,0,0
801,0,0,198549,0,0,0,0,0,0,0,0,71869,113708,0,0
802,0,0,200470,0,0,0,0,0,0,0,0,71870,115756,0,0
803,0,0,200907,0,0,0,0,0,0,0,0,71871,115756,0,0
804,0,0,198222,0,0,0,0,0,0,0,0,71872,113708,0,0
805,0,0,200906,0,0,0,0,0,0,0,0,71873,115756,0,0
806,0,0,200905,0,0,0,0,0,0,0,0,71874,115756,0,0
807,0,0,200883,0,0,0,0,0,0,0,0,71875,115756,0,0
808,0,0,200469,0,0,0,0,0,0,0,0,71876,113707,0,0
809,0,0,198550,0,0,0,0,0,0,0,0,71877,115759,0,0
810,0,0,200479,0,0,0,0,0,0,0,0,71878,113707,0,0
811,0,0,198224,0,0,0,0,0,0,0,0,71879,113708,0,0
812,0,0,201158,0,0,0,0,0,0,0,0,71880,113707,0,0
813,0,0,200535,0,0,0,0,0,0,0,0,71881,115757,0,0
814,0,0,200472,0,0,0,0,0,0,0,0,71883,113707,0,0
815,0,0,198223,0,0,0,0,0,0,0,0,71882,113708,0,0
816,0,0,201160,0,0,0,0,0,0,0,0,71884,113707,0,0
817,0,0,192443,0,0,0,0,0,0,0,0,71885,113708,0,0
818,0,0,201161,0,0,0,0,0,0,0,0,71886,115757,0,0
819,0,0,198227,0,0,0,0,0,0,0,0,71887,113708,0,0
820,0,0,198156,0,0,0,0,0,0,0,0,71888,113708,0,0
821,0,0,198265,0,0,0,0,0,0,0,0,71889,113708,0,0
822,0,0,198268,0,0,0,0,0,0,0,0,71890,113708,0,0
823,0,0,198247,0,0,0,0,0,0,0,0,71891,115759,0,0
824,0,0,193572,0,0,0,0,0,0,0,0,71892,113708,0,0
825,0,2,201322,3534,60,0,0,0,0,0,0,72183,115755,0,0
826,3,1,0,0,275,0,0,0,0,0,0,71930,113707,0,0
827,0,2,201324,3534,60,0,0,0,0,0,0,72186,110591,0,0
828,3,1,0,0,275,0,0,0,0,0,0,71931,113707,0,0
829,3,1,0,0,275,0,0,0,0,0,0,71932,113707,0,0
830,3,1,0,0,275,0,0,0,0,0,0,71933,113707,0,0
831,0,1,0,0,425,0,0,0,0,0,0,71944,113708,0,0
832,0,0,201366,0,0,0,0,0,0,0,0,72262,115754,0,0
833,0,2,201601,3728,40,0,0,0,0,0,0,71945,113707,0,0
834,0,2,201759,3535,280,0,0,0,0,0,0,72349,115762,0,0
835,0,0,201930,0,0,0,0,0,0,0,0,71499,113708,0,0
836,2,0,0,0,0,0,0,0,0,0,0,0,0,0,0
839,0,2,201955,3534,60,0,0,0,0,0,0,72489,115755,0,0
840,0,2,201953,3534,60,0,0,0,0,0,0,72562,110591,0,0
841,0,2,201954,3534,60,0,0,0,0,0,0,72494,110591,0,0
842,0,2,201951,3534,60,0,0,0,0,0,0,72490,110591,0,0
843,0,2,201952,3534,60,0,0,0,0,0,0,72568,110591,0,0
844,0,2,201945,3534,60,0,0,0,0,0,0,72495,115765,0,0
846,0,2,201941,3534,60,0,0,0,0,0,0,72505,113712,0,0
847,0,2,201943,3534,60,0,0,0,0,0,0,72496,115765,0,0
848,0,2,201944,3534,60,0,0,0,0,0,0,72497,113712,0,0
849,0,2,201942,3534,60,0,0,0,0,0,0,72498,113712,0,0
852,0,2,201940,3534,60,0,0,0,0,0,0,72504,115767,0,0
853,0,2,201938,3534,60,0,0,0,0,0,0,72506,113715,0,0
854,0,2,201936,3534,60,0,0,0,0,0,0,72507,113715,0,0
855,0,2,201939,3534,60,0,0,0,0,0,0,72508,113715,0,0
856,0,2,201937,3534,60,0,0,0,0,0,0,72509,113715,0,0
862,0,2,201950,3534,60,0,0,0,0,0,0,71705,115765,0,0
863,0,2,201946,3534,60,0,0,0,0,0,0,72501,113712,0,0
864,0,2,201948,3534,60,0,0,0,0,0,0,72500,115765,0,0
865,0,2,201949,3534,60,0,0,0,0,0,0,72502,113712,0,0
866,0,2,201947,3534,60,0,0,0,0,0,0,72503,113712,0,0
869,0,0,202087,0,0,0,0,0,0,0,0,72711,113708,0,0
871,0,2,52322,0,50,0,0,0,0,0,0,0,0,0,0
873,0,0,202290,0,0,0,0,0,0,0,0,0,0,0,0
874,0,0,202319,0,0,0,0,0,0,0,0,73099,0,0,0
876,0,2,203375,3534,120,0,0,0,0,0,0,74102,113710,0,0
877,0,2,203376,3534,120,0,0,0,0,0,0,74103,113710,0,0
878,0,2,203377,3534,120,0,0,0,0,0,0,74104,113710,0,0
880,0,0,203407,0,0,0,0,0,0,0,0,74308,115753,0,0
881,0,0,203408,0,0,0,0,0,0,0,0,74477,115755,0,0
882,0,0,203409,0,0,0,0,0,0,0,0,0,0,0,0
883,0,0,203410,0,0,0,0,0,0,0,0,74310,115757,0,0
884,0,0,203411,0,0,0,0,0,0,0,0,74312,115759,0,0
885,0,0,203412,0,0,0,0,0,0,0,0,74481,115761,0,0
886,0,0,203413,0,0,0,0,0,0,0,0,74482,115763,0,0
887,0,0,203414,0,0,0,0,0,0,0,0,74483,115765,0,0
888,0,0,203415,0,0,0,0,0,0,0,0,74318,115767,0,0
943,0,0,204072,0,0,0,0,0,0,0,0,0,0,0,0
944,0,2,204094,3534,120,0,0,0,0,0,0,74806,113711,0,0
945,0,2,204095,3534,120,0,0,0,0,0,0,74805,113711,0,0
946,0,2,204100,3534,120,0,0,0,0,0,0,74813,113712,0,0
947,0,2,204103,3534,120,0,0,0,0,0,0,74814,113712,0,0
948,0,2,204096,3534,120,0,0,0,0,0,0,74807,113712,0,0
949,0,2,204098,3534,120,0,0,0,0,0,0,74810,113712,0,0
950,0,2,204097,3534,120,0,0,0,0,0,0,74808,113712,0,0
951,0,2,204102,3534,120,0,0,0,0,0,0,74809,113712,0,0
952,0,2,204099,3534,120,0,0,0,0,0,0,74812,113712,0,0
953,0,2,204101,3534,120,0,0,0,0,0,0,74811,113712,0,0
954,0,2,204108,3534,120,0,0,0,0,0,0,74821,113712,0,0
955,0,2,204111,3534,120,0,0,0,0,0,0,74822,113712,0,0
956,0,2,204104,3534,120,0,0,0,0,0,0,74815,113712,0,0
957,0,2,204106,3534,120,0,0,0,0,0,0,74818,113712,0,0
958,0,2,204105,3534,120,0,0,0,0,0,0,74816,113712,0,0
959,0,2,204110,3534,120,0,0,0,0,0,0,74817,113712,0,0
960,0,2,204107,3534,120,0,0,0,0,0,0,74820,113712,0,0
961,0,2,204109,3534,120,0,0,0,0,0,0,74819,113712,0,0
962,0,2,204115,3534,120,0,0,0,0,0,0,74831,113715,0,0
963,0,2,204120,3534,120,0,0,0,0,0,0,74823,113715,0,0
964,0,2,204117,3534,120,0,0,0,0,0,0,74826,113715,0,0
965,0,2,204116,3534,120,0,0,0,0,0,0,74827,113715,0,0
966,0,2,204112,3534,120,0,0,0,0,0,0,74828,113715,0,0
967,0,2,204119,3534,120,0,0,0,0,0,0,74830,113715,0,0
968,0,2,204113,3534,120,0,0,0,0,0,0,74829,113715,0,0
969,0,2,204114,3534,120,0,0,0,0,0,0,74825,113715,0,0
970,0,2,204118,3534,120,0,0,0,0,0,0,74824,113715,0,0
971,0,2,204128,3534,120,0,0,0,0,0,0,74804,110591,0,0
972,0,2,204121,3534,120,0,0,0,0,0,0,74797,110591,0,0
973,0,2,204123,3534,120,0,0,0,0,0,0,74799,110591,0,0
974,0,2,204125,3534,120,0,0,0,0,0,0,74801,110591,0,0
975,0,2,204124,3534,120,0,0,0,0,0,0,74800,110591,0,0
976,0,2,204126,3534,120,0,0,0,0,0,0,74802,110591,0,0
977,0,2,204122,3534,120,0,0,0,0,0,0,74798,110591,0,0
978,0,2,204127,3534,120,0,0,0,0,0,0,74803,110591,0,0
979,0,2,204164,3534,120,0,0,0,0,0,0,74832,113710,0,0
980,0,2,204165,3534,120,0,0,0,0,0,0,74833,113710,0,0
981,0,2,204166,3534,120,0,0,0,0,0,0,74834,113710,0,0
985,0,0,204217,0,0,0,0,0,0,0,0,74881,113711,0,0
986,2,0,0,0,0,0,0,0,0,0,0,0,0,0,117249
987,3,1,0,0,275,0,0,0,0,0,0,75201,113707,0,0
988,3,1,0,0,425,0,0,0,0,0,0,75204,113707,0,0
989,3,1,0,0,425,0,0,0,0,0,0,75205,113707,0,0
990,0,2,204401,3535,320,0,0,0,0,0,0,75209,115756,0,0
991,0,0,204370,0,0,0,0,0,0,0,0,75213,115752,0,0
992,0,0,204463,0,0,0,0,0,0,0,0,75220,115752,0,0
993,0,0,204633,0,0,0,0,0,0,0,0,75225,115752,0,0
994,0,0,204673,0,300,0,0,0,0,0,0,75235,115757,0,0
995,0,0,202287,0,0,0,0,0,0,0,0,75236,115767,0,0
996,0,1,0,0,410,0,0,0,0,0,0,75243,115752,0,0
997,0,0,204681,0,300,0,0,0,0,0,0,0,0,0,0
998,0,1,0,0,300,0,0,0,0,0,0,75264,113712,0,0
999,0,2,204706,3535,430,0,0,0,0,0,0,75279,115764,0,0
1000,0,2,204704,3535,330,0,0,0,0,0,0,75282,115764,0,0
1001,0,1,0,0,360,0,0,0,0,0,0,75287,113712,0,0
1002,0,0,204682,0,300,0,0,0,0,0,0,0,0,0,0
1003,0,0,204697,0,300,0,0,0,0,0,0,0,0,0,0
1004,0,1,0,0,250,0,0,0,0,0,0,75415,115758,0,0
1005,0,1,0,0,250,0,0,0,0,0,0,75416,115758,0,0
1006,0,0,204832,0,0,0,0,0,0,0,0,75418,115754,0,0
1007,0,0,204845,0,0,0,0,0,0,0,0,0,0,0,0
1008,0,0,204848,0,0,0,0,0,0,0,0,0,0,0,0
1009,0,0,204854,0,0,0,0,0,0,0,0,75434,115762,0,0
1010,0,0,204856,0,0,0,0,0,0,0,0,75435,115759,0,0
1011,0,1,0,0,425,0,0,0,0,0,0,75524,113708,0,0
1012,0,0,203300,0,0,0,0,0,0,0,0,75577,113710,0,0
1013,0,0,203314,0,0,0,0,0,0,0,0,75579,113710,0,0
1014,0,0,203304,0,0,0,0,0,0,0,0,75578,113710,0,0
1015,0,0,203324,0,0,0,0,0,0,0,0,75580,113710,0,0
1016,0,0,203364,0,0,0,0,0,0,0,0,75581,113710,0,0
1017,0,0,203763,0,0,0,0,0,0,0,0,75583,113710,0,0
1018,0,1,0,0,360,0,0,0,0,0,0,75584,113710,0,0
1019,0,1,0,0,300,0,0,0,0,0,0,75585,113710,0,0
1020,0,1,0,0,300,0,0,0,0,0,0,75586,113710,0,0
1021,0,1,0,0,40,0,0,0,0,0,0,75588,115767,0,0
1022,0,0,205012,0,0,0,0,0,0,0,0,75589,113715,0,0
1023,0,2,205025,3535,310,0,0,0,0,0,0,75590,115766,0,0
1024,0,0,0,0,0,0,0,0,0,0,0,75591,113715,0,0
1025,0,0,205034,0,0,0,0,0,0,0,0,75592,113715,0,0
1026,0,0,205038,0,0,0,0,0,0,0,0,75593,110591,0,0
1027,0,2,205168,3535,325,0,0,0,0,0,0,75595,115754,0,0
1028,0,2,205046,3535,300,0,0,0,0,0,0,75594,115754,0,0
1029,0,0,204818,0,0,0,0,0,0,0,0,75596,113708,0,0
1030,0,0,205045,0,0,0,0,0,0,0,0,75597,113711,0,0
1031,0,0,203762,0,0,0,0,0,0,0,0,75582,113710,0,0
1032,0,1,0,0,340,0,0,0,0,0,0,75599,115755,0,0
1033,0,1,0,0,330,0,0,0,0,0,0,75606,113711,0,0
1034,0,1,0,0,330,0,0,0,0,0,0,75607,113711,0,0
1035,0,1,0,0,325,0,0,0,0,0,0,71354,110591,0,0
1036,0,2,205278,3534,120,0,0,0,0,0,0,75715,113708,0,0
1037,0,2,205279,3534,120,0,0,0,0,0,0,75716,113708,0,0
1038,0,2,205280,3534,120,0,0,0,0,0,0,75717,113708,0,0
1039,0,2,205281,3534,120,0,0,0,0,0,0,75718,113708,0,0
1040,0,0,205411,0,0,0,0,0,0,0,0,75819,113715,0,0
1041,0,0,205960,0,0,0,0,0,0,0,0,0,0,0,0
1044,0,0,206187,0,0,0,0,0,0,0,0,0,0,0,0
1045,0,0,206188,0,0,0,0,0,0,0,0,0,0,0,0
1046,0,0,206189,0,0,0,0,0,0,0,0,0,0,0,0
1047,0,0,206190,0,0,0,0,0,0,0,0,0,0,0,0
1048,0,0,206191,0,0,0,0,0,0,0,0,0,0,0,0
1049,0,0,206192,0,0,0,0,0,0,0,0,0,0,0,0
1050,3,1,0,0,290,0,0,0,0,0,0,76540,113707,0,0
1051,0,0,206977,0,300,0,0,0,0,0,0,0,115757,0,0
1052,0,0,206960,0,300,0,0,0,0,0,0,0,113707,0,0
1053,0,0,206961,0,300,0,0,0,0,0,0,0,115756,0,0
1055,0,1,0,0,335,0,0,0,0,0,0,76580,113706,0,0
1056,0,1,0,0,415,0,0,0,0,0,0,76565,115752,0,0
1057,0,0,207054,0,0,0,0,0,0,0,0,0,0,0,0
1058,3,1,0,0,425,0,0,0,0,0,0,76601,115756,0,0
1059,0,0,207088,0,0,0,0,0,0,0,0,76602,113710,0,0
1060,0,0,207092,0,0,0,0,0,0,0,0,76736,115758,0,0
1061,0,1,0,0,360,0,0,0,0,0,0,77420,113712,0,0
1062,0,2,208316,3534,120,0,0,0,0,0,0,77443,113708,0,0
1063,0,2,208315,3534,120,0,0,0,0,0,0,77442,113708,0,0
1064,0,2,208314,3534,120,0,0,0,0,0,0,77441,113708,0,0
1065,0,2,208313,3534,120,0,0,0,0,0,0,77440,113708,0,0
1066,0,2,208309,3534,120,0,0,0,0,0,0,77446,113710,0,0
1067,0,2,208308,3534,120,0,0,0,0,0,0,77445,113710,0,0
1068,0,2,208307,3534,120,0,0,0,0,0,0,77444,113710,0,0
1069,0,2,208270,3534,120,0,0,0,0,0,0,77479,110591,0,0
1070,0,2,208265,3534,120,0,0,0,0,0,0,77474,110591,0,0
1071,0,2,208269,3534,120,0,0,0,0,0,0,77478,110591,0,0
1072,0,2,208267,3534,120,0,0,0,0,0,0,77476,110591,0,0
1073,0,2,208268,3534,120,0,0,0,0,0,0,77477,110591,0,0
1074,0,2,208266,3534,120,0,0,0,0,0,0,77475,110591,0,0
1075,0,2,208264,3534,120,0,0,0,0,0,0,77473,110591,0,0
1076,0,2,208271,3534,120,0,0,0,0,0,0,77439,110591,0,0
1077,0,2,208261,3534,120,0,0,0,0,0,0,77466,113715,0,0
1078,0,2,208257,3534,120,0,0,0,0,0,0,77467,113715,0,0
1079,0,2,208256,3534,120,0,0,0,0,0,0,77471,113715,0,0
1080,0,2,208262,3534,120,0,0,0,0,0,0,77472,113715,0,0
1081,0,2,208255,3534,120,0,0,0,0,0,0,77470,113715,0,0
1082,0,2,208259,3534,120,0,0,0,0,0,0,77469,113715,0,0
1083,0,2,208260,3534,120,0,0,0,0,0,0,77468,113715,0,0
1084,0,2,208263,3534,120,0,0,0,0,0,0,77465,113715,0,0
1085,0,2,208258,3534,120,0,0,0,0,0,0,77438,113715,0,0
1086,0,2,208252,3534,120,0,0,0,0,0,0,77461,113712,0,0
1087,0,2,208250,3534,120,0,0,0,0,0,0,77462,113712,0,0
1088,0,2,208253,3534,120,0,0,0,0,0,0,77459,113712,0,0
1089,0,2,208248,3534,120,0,0,0,0,0,0,77458,113712,0,0
1090,0,2,208249,3534,120,0,0,0,0,0,0,77460,113712,0,0
1091,0,2,208247,3534,120,0,0,0,0,0,0,77457,113712,0,0
1092,0,2,208254,3534,120,0,0,0,0,0,0,77464,113712,0,0
1093,0,2,208251,3534,120,0,0,0,0,0,0,77463,113712,0,0
1094,0,2,208244,3534,120,0,0,0,0,0,0,77453,113712,0,0
1095,0,2,208242,3534,120,0,0,0,0,0,0,77454,113712,0,0
1096,0,2,208245,3534,120,0,0,0,0,0,0,77451,113712,0,0
1097,0,2,208240,3534,120,0,0,0,0,0,0,77450,113712,0,0
1098,0,2,208241,3534,120,0,0,0,0,0,0,77452,113712,0,0
1099,0,2,208239,3534,120,0,0,0,0,0,0,77449,113712,0,0
1100,0,2,208246,3534,120,0,0,0,0,0,0,77456,113712,0,0
1101,0,2,208243,3534,120,0,0,0,0,0,0,77455,113712,0,0
1102,0,2,208238,3534,120,0,0,0,0,0,0,77447,113711,0,0
1103,0,2,208237,3534,120,0,0,0,0,0,0,77448,113711,0,0
1104,0,1,0,0,340,0,0,0,0,0,0,77776,113711,0,0
1105,0,0,209351,0,0,0,0,0,0,0,0,78009,115764,0,0
1106,0,0,209998,0,0,0,0,0,0,0,0,78010,115760,0,0
1107,0,0,210003,0,0,0,0,0,0,0,0,78011,115756,0,0
1110,0,1,0,0,300,0,0,0,0,0,0,78321,113710,0,0
1111,0,1,0,0,360,0,0,0,0,0,0,78322,113710,0,0
1112,0,0,203311,0,0,0,0,0,0,0,0,78424,113710,0,0
1113,0,0,207761,0,0,0,0,0,0,0,0,78425,113710,0,0
1114,0,0,207773,0,0,0,0,0,0,0,0,78426,113710,0,0
1116,0,2,210646,3535,325,0,0,0,0,0,0,78480,115754,0,0
1117,0,1,0,0,325,0,0,0,0,0,0,78510,113715,0,0
1118,2,15,0,0,350,0,0,0,0,0,0,0,0,0,0
1119,0,19,210816,4293,305,0,0,0,0,0,0,81092,120373,0,0
1120,0,0,210735,0,0,0,0,0,0,0,0,78708,113710,0,0
1121,0,0,211400,0,0,0,0,0,0,0,0,78896,113710,0,0
1123,0,0,211518,0,300,0,0,0,0,0,0,79001,113707,0,0
1124,0,0,211519,0,300,0,0,0,0,0,0,79002,115756,0,0
1125,0,0,211520,0,300,0,0,0,0,0,0,79003,115757,0,0
1126,0,2,211537,3534,120,0,0,0,0,0,0,79031,113711,0,0
1127,0,2,211536,3534,120,0,0,0,0,0,0,79032,113711,0,0
1128,0,2,211538,3534,120,0,0,0,0,0,0,79033,113712,0,0
1129,0,2,211539,3534,120,0,0,0,0,0,0,79034,113712,0,0
1130,0,2,211540,3534,120,0,0,0,0,0,0,79035,113712,0,0
1131,0,2,211541,3534,120,0,0,0,0,0,0,79036,113712,0,0
1132,0,2,211542,3534,120,0,0,0,0,0,0,79037,113712,0,0
1133,0,2,211543,3534,120,0,0,0,0,0,0,79038,113712,0,0
1134,0,2,211544,3534,120,0,0,0,0,0,0,79039,113712,0,0
1135,0,2,211545,3534,120,0,0,0,0,0,0,79040,113712,0,0
1136,0,2,211546,3534,120,0,0,0,0,0,0,79041,113712,0,0
1137,0,2,211547,3534,120,0,0,0,0,0,0,79042,113712,0,0
1138,0,2,211548,3534,120,0,0,0,0,0,0,79043,113712,0,0
1139,0,2,211549,3534,120,0,0,0,0,0,0,79044,113712,0,0
1140,0,2,211550,3534,120,0,0,0,0,0,0,79045,113712,0,0
1141,0,2,211551,3534,120,0,0,0,0,0,0,79046,113712,0,0
1142,0,2,211552,3534,120,0,0,0,0,0,0,79047,113712,0,0
1143,0,2,211553,3534,120,0,0,0,0,0,0,79048,113712,0,0
1144,0,2,211554,3534,120,0,0,0,0,0,0,79049,113715,0,0
1145,0,2,211555,3534,120,0,0,0,0,0,0,79050,113715,0,0
1146,0,2,211556,3534,120,0,0,0,0,0,0,79051,113715,0,0
1147,0,2,211557,3534,120,0,0,0,0,0,0,79052,113715,0,0
1148,0,2,211558,3534,120,0,0,0,0,0,0,79053,113715,0,0
1149,0,2,211559,3534,120,0,0,0,0,0,0,79054,113715,0,0
1150,0,2,211560,3534,120,0,0,0,0,0,0,79055,113715,0,0
1151,0,2,211561,3534,120,0,0,0,0,0,0,79056,113715,0,0
1152,0,2,211562,3534,120,0,0,0,0,0,0,79057,113715,0,0
1153,0,2,211563,3534,120,0,0,0,0,0,0,79058,110591,0,0
1154,0,2,211564,3534,120,0,0,0,0,0,0,79059,110591,0,0
1155,0,2,211565,3534,120,0,0,0,0,0,0,79060,110591,0,0
1156,0,2,211566,3534,120,0,0,0,0,0,0,79061,110591,0,0
1157,0,2,211567,3534,120,0,0,0,0,0,0,79062,110591,0,0
1158,0,2,211568,3534,120,0,0,0,0,0,0,79063,110591,0,0
1159,0,2,211569,3534,120,0,0,0,0,0,0,79064,110591,0,0
1160,0,2,211570,3534,120,0,0,0,0,0,0,79065,110591,0,0
1161,0,2,211606,3534,120,0,0,0,0,0,0,79066,113710,0,0
1162,0,2,211607,3534,120,0,0,0,0,0,0,79067,113710,0,0
1163,0,2,211608,3534,120,0,0,0,0,0,0,79068,113710,0,0
1164,0,2,211612,3534,120,0,0,0,0,0,0,79069,113708,0,0
1165,0,2,211613,3534,120,0,0,0,0,0,0,79070,113708,0,0
1166,0,2,211614,3534,120,0,0,0,0,0,0,79071,113708,0,0
1167,0,2,211615,3534,120,0,0,0,0,0,0,79072,113708,0,0
1169,2,16,0,0,750,0,0,0,0,0,0,0,0,0,0
1170,2,21,0,0,300,0,0,0,0,0,0,0,0,0,0
1171,0,23,0,0,515,0,0,0,0,0,0,81095,120371,0,0
1173,0,23,0,0,595,0,0,0,0,0,0,81096,120371,0,0
1174,0,23,0,0,675,0,0,0,0,0,0,81097,120371,0,0
1175,0,23,0,0,675,0,0,0,0,0,0,81098,120371,0,0
1176,0,23,0,0,675,0,0,0,0,0,0,81099,120371,0,0
1177,0,23,0,0,675,0,0,0,0,0,0,81100,120371,0,0
1178,0,23,0,0,675,0,0,0,0,0,0,81101,120371,0,0
1179,0,23,0,0,675,0,0,0,0,0,0,81102,120371,0,0
1180,0,23,0,0,675,0,0,0,0,0,0,81103,120371,0,0
1181,0,23,0,0,675,0,0,0,0,0,0,81104,120371,0,0
1182,0,23,0,0,675,0,0,0,0,0,0,81105,120371,0,0
1183,0,15,0,0,595,0,0,0,0,0,0,81106,120371,0,0
1184,0,15,0,0,595,0,0,0,0,0,0,81107,120371,0,0
1185,0,15,0,0,595,0,0,0,0,0,0,81108,120371,0,0
1186,0,15,0,0,595,0,0,0,0,0,0,81109,120371,0,0
1187,0,15,0,0,755,0,0,0,0,0,0,81110,120371,0,0
1188,0,15,0,0,230,0,0,0,0,0,0,81111,120371,0,0
1189,0,0,212289,0,0,0,0,0,0,0,0,81112,120371,0,0
1190,0,0,212292,0,0,0,0,0,0,0,0,81113,120371,0,0
1191,0,0,212295,0,0,0,0,0,0,0,0,81114,120371,0,0
1192,0,0,212298,0,0,0,0,0,0,0,0,81115,120371,0,0
1193,0,15,0,0,595,0,0,0,0,0,0,81116,120371,0,0
1194,0,0,212304,0,0,0,0,0,0,0,0,81117,120371,0,0
1195,0,23,0,0,760,0,0,0,0,0,0,81118,120371,0,0
1196,0,23,0,0,760,0,0,0,0,0,0,81119,120371,0,0
1197,0,23,0,0,760,0,0,0,0,0,0,81120,120371,0,0
1198,0,23,0,0,840,0,0,0,0,0,0,81121,120371,0,0
1199,1,16,0,0,650,0,0,0,0,0,0,81122,120372,0,124140
1200,1,16,0,0,650,0,0,0,0,0,0,81123,120372,0,124141
1201,1,16,0,0,650,0,0,0,0,0,0,81124,120372,0,124142
1202,1,16,0,0,650,0,0,0,0,0,0,81125,120372,0,124143
1203,1,16,0,0,650,0,0,0,0,0,0,81126,120372,0,124144
1204,1,16,0,0,650,0,0,0,0,0,0,81127,120372,0,124145
1205,1,0,0,0,0,0,0,0,0,0,0,81128,120373,0,124146
1206,0,16,0,0,735,0,0,0,0,0,0,81129,120371,0,0
1207,0,24,0,0,835,0,0,0,0,0,0,81130,120371,0,0
1208,0,24,0,0,835,0,0,0,0,0,0,81131,120371,0,0
1209,0,0,212781,0,0,0,0,0,0,0,0,81132,120371,0,0
1210,2,0,0,0,0,0,0,0,0,0,0,0,0,0,0
1211,0,0,213079,0,0,0,0,0,0,0,0,81134,120371,0,0
1212,0,0,213080,0,0,0,0,0,0,0,0,81135,120371,0,0
1213,0,0,213081,0,0,0,0,0,0,0,0,81136,120371,0,0
1214,0,0,213082,0,0,0,0,0,0,0,0,81137,120371,0,0
1215,0,0,213083,0,0,0,0,0,0,0,0,81138,120371,0,0
1216,2,0,0,0,0,0,0,0,0,0,0,0,0,0,0
1217,2,22,0,0,300,0,0,0,0,0,0,0,0,0,0
1220,0,23,0,0,315,0,0,0,0,0,0,81192,120387,0,0
1221,0,23,0,0,315,0,0,0,0,0,0,81193,120387,0,0
1222,0,23,0,0,315,0,0,0,0,0,0,81194,120387,0,0
1223,0,23,0,0,315,0,0,0,0,0,0,81195,120387,0,0
1224,0,23,0,0,315,0,0,0,0,0,0,81196,120387,0,0
1225,0,15,0,0,420,0,0,0,0,0,0,81197,120387,0,0
1226,0,15,0,0,370,0,0,0,0,0,0,81198,120387,0,0
1227,0,15,0,0,420,0,0,0,0,0,0,81199,120387,0,0
1228,0,15,0,0,420,0,0,0,0,0,0,81200,120387,0,0
1229,0,15,0,0,420,0,0,0,0,0,0,81201,120387,0,0
1230,0,15,0,0,420,0,0,0,0,0,0,81202,120387,0,0
1231,0,15,0,0,370,0,0,0,0,0,0,81203,120387,0,0
1232,0,15,0,0,420,0,0,0,0,0,0,81204,120387,0,0
1233,0,15,0,0,370,0,0,0,0,0,0,81205,120387,0,0
1234,0,15,0,0,420,0,0,0,0,0,0,81206,120387,0,0
1235,0,15,0,0,420,0,0,0,0,0,0,81207,120387,0,0
1236,0,15,0,0,420,0,0,0,0,0,0,81208,120387,0,0
1237,0,15,0,0,420,0,0,0,0,0,0,81209,120387,0,0
1238,0,15,0,0,420,0,0,0,0,0,0,81210,120387,0,0
1239,0,15,0,0,420,0,0,0,0,0,0,81211,120387,0,0
1240,0,15,0,0,370,0,0,0,0,0,0,81212,120387,0,0
1241,0,15,0,0,585,0,0,0,0,0,0,81213,120387,0,0
1242,0,15,0,0,585,0,0,0,0,0,0,81214,120387,0,0
1243,0,15,0,0,585,0,0,0,0,0,0,81215,120387,0,0
1244,0,0,213747,0,0,0,0,0,0,0,0,81216,120387,0,0
1245,0,0,213748,0,0,0,0,0,0,0,0,81217,120387,0,0
1246,0,0,213749,0,0,0,0,0,0,0,0,81218,120387,0,0
1247,0,22,0,0,305,0,0,0,0,0,0,81219,120387,0,0
1248,0,22,0,0,305,0,0,0,0,0,0,81220,120387,0,0
1249,0,22,0,0,305,0,0,0,0,0,0,81221,120387,0,0
1250,0,22,0,0,305,0,0,0,0,0,0,81222,120387,0,0
1251,0,16,0,0,305,0,0,0,0,0,0,81223,120387,0,0
1252,0,18,0,0,305,0,0,0,0,0,0,81224,120387,0,0
1253,0,18,0,0,305,0,0,0,0,0,0,81225,120387,0,0
1254,0,16,0,0,305,0,0,0,0,0,0,81226,120387,0,0
1255,0,22,0,0,305,0,0,0,0,0,0,81227,120387,0,0
1256,0,16,0,0,305,0,0,0,0,0,0,81228,120387,0,0
1257,0,0,213777,0,0,0,0,0,0,0,0,81229,120387,0,0
1258,0,0,0,0,0,0,0,0,0,0,0,81230,120387,0,0
1259,0,0,213778,0,0,0,0,0,0,0,0,81231,120387,0,0
1260,0,18,0,0,315,0,0,0,0,0,0,81232,120387,0,0
1261,0,22,0,0,370,0,0,0,0,0,0,81233,120387,0,0
1262,0,22,0,0,370,0,0,0,0,0,0,81234,120387,0,0
1263,0,22,0,0,370,0,0,0,0,0,0,81235,120387,0,0
1264,0,22,0,0,370,0,0,0,0,0,0,81236,120387,0,0
1265,0,21,215120,4294,200,0,0,0,0,0,0,81237,120387,0,0
1266,0,19,215124,4294,410,0,0,0,0,0,0,81238,120387,0,0
1267,0,21,215121,4294,200,0,0,0,0,0,0,81239,120387,0,0
1268,0,19,215125,4294,410,0,0,0,0,0,0,81240,120387,0,0
1269,0,21,215119,4294,200,0,0,0,0,0,0,81241,120387,0,0
1270,0,19,215123,4294,410,0,0,0,0,0,0,81242,120387,0,0
1271,0,21,215117,4294,200,0,0,0,0,0,0,81243,120387,0,0
1272,0,19,215122,4294,410,0,0,0,0,0,0,81244,120387,0,0
1273,0,20,215130,4292,150,0,0,0,0,0,0,81245,120387,0,0
1274,0,20,215131,4292,150,0,0,0,0,0,0,81246,120387,0,0
1275,0,19,215132,4293,0,0,0,0,0,0,0,81247,120387,0,0
1276,0,19,215133,4293,355,0,0,0,0,0,0,81248,120387,0,0
1277,0,19,215134,4293,355,0,0,0,0,0,0,81249,120387,0,0
1278,0,19,215135,4293,350,0,0,0,0,0,0,81250,120387,0,0
1279,0,19,215136,4293,350,0,0,0,0,0,0,81251,120387,0,0
1280,0,21,215137,4293,130,0,0,0,0,0,0,81252,120387,0,0
1281,0,21,215144,4293,130,0,0,0,0,0,0,81253,120387,0,0
1282,0,0,193034,0,0,0,0,0,0,0,0,81254,120387,0,0
1283,0,0,215145,0,0,0,0,0,0,0,0,81255,120387,0,0
1284,0,0,215146,0,0,0,0,0,0,0,0,81256,120387,0,0
1285,0,0,215147,0,0,0,0,0,0,0,0,81257,120387,0,0
1286,2,0,0,0,0,0,0,0,0,0,0,0,0,0,0
1287,0,17,0,0,525,0,0,0,0,0,0,81258,120387,0,0
1288,0,21,217117,4293,240,0,0,0,0,0,0,80791,120393,0,0
1289,0,21,217118,4293,240,0,0,0,0,0,0,80792,120393,0,0
1290,0,21,217119,4293,240,0,0,0,0,0,0,80793,120393,0,0
1291,0,21,217120,4293,240,0,0,0,0,0,0,80794,120393,0,0
1292,0,21,217121,4293,240,0,0,0,0,0,0,80795,120393,0,0
1293,0,21,217122,4293,240,0,0,0,0,0,0,80796,120393,0,0
1294,0,21,217123,4293,240,0,0,0,0,0,0,80797,120393,0,0
1295,0,21,217124,4293,240,0,0,0,0,0,0,80798,120393,0,0
1296,0,21,217125,4293,240,0,0,0,0,0,0,80799,120393,0,0
1297,0,21,217126,4293,165,0,0,0,0,0,0,80962,120390,0,0
1298,0,21,217127,4293,165,0,0,0,0,0,0,80963,120390,0,0
1299,0,21,217128,4293,165,0,0,0,0,0,0,80965,120390,0,0
1300,0,21,217129,4293,165,0,0,0,0,0,0,80967,120390,0,0
1301,0,21,217130,4293,165,0,0,0,0,0,0,80968,120390,0,0
1302,0,21,217131,4293,165,0,0,0,0,0,0,80966,120390,0,0
1303,0,21,217132,4293,165,0,0,0,0,0,0,80964,120390,0,0
1304,0,21,217133,4293,165,0,0,0,0,0,0,80969,120390,0,0
1305,0,21,217134,4293,165,0,0,0,0,0,0,80970,120390,0,0
1306,0,21,217135,4293,165,0,0,0,0,0,0,80971,120390,0,0
1307,0,21,217136,4293,165,0,0,0,0,0,0,80973,120390,0,0
1308,0,21,217137,4293,165,0,0,0,0,0,0,80975,120390,0,0
1309,0,21,217138,4293,165,0,0,0,0,0,0,80976,120390,0,0
1310,0,21,217139,4293,165,0,0,0,0,0,0,80974,120390,0,0
1311,0,21,217140,4293,165,0,0,0,0,0,0,80972,120390,0,0
1312,0,21,217141,4293,165,0,0,0,0,0,0,80977,120390,0,0
1313,0,21,217143,4293,275,0,0,0,0,0,0,80625,120375,0,0
1314,0,21,217144,4293,275,0,0,0,0,0,0,80626,120375,0,0
1315,0,21,217145,4293,275,0,0,0,0,0,0,80627,120375,0,0
1316,0,21,217146,4293,275,0,0,0,0,0,0,84695,120375,0,0
1317,0,21,217147,4293,275,0,0,0,0,0,0,84696,120375,0,0
1318,0,21,217148,4293,275,0,0,0,0,0,0,84697,120375,0,0
1319,0,21,217149,4293,275,0,0,0,0,0,0,80668,120375,0,0
1320,0,21,217150,4293,275,0,0,0,0,0,0,80669,120375,0,0
1321,0,21,217151,4293,215,0,0,0,0,0,0,81290,120382,0,0
1322,0,21,217152,4293,215,0,0,0,0,0,0,81291,120382,0,0
1323,0,21,217153,4293,215,0,0,0,0,0,0,81292,120382,0,0
1324,0,21,217154,4293,215,0,0,0,0,0,0,81293,120382,0,0
1325,0,21,217155,4293,215,0,0,0,0,0,0,81294,120382,0,0
1326,0,21,217156,4293,215,0,0,0,0,0,0,81295,120382,0,0
1327,0,21,217157,4293,215,0,0,0,0,0,0,81296,120382,0,0
1328,0,21,217158,4293,215,0,0,0,0,0,0,81297,120382,0,0
1330,0,0,217984,0,0,0,0,0,0,0,0,0,0,0,0
1332,0,13,0,0,230,0,0,0,0,0,0,81139,120372,0,0
1333,0,0,210931,0,0,0,0,0,0,0,0,0,0,0,0
1334,0,0,210932,0,0,0,0,0,0,0,0,0,0,0,0
1335,0,0,210934,0,0,0,0,0,0,0,0,0,0,0,0
1336,0,0,210935,0,0,0,0,0,0,0,0,0,0,0,0
1337,0,0,210937,0,0,0,0,0,0,0,0,0,0,0,0
1338,0,0,210938,0,0,0,0,0,0,0,0,0,0,0,0
1414,0,0,219002,0,0,0,0,0,0,0,0,0,0,0,0
1415,0,0,219003,0,0,0,0,0,0,0,0,0,0,0,0
1416,0,0,219004,0,0,0,0,0,0,0,0,0,0,0,0
1417,0,0,219005,0,0,0,0,0,0,0,0,0,0,0,0
1418,0,0,219006,0,0,0,0,0,0,0,0,0,0,0,0
1419,0,0,219007,0,0,0,0,0,0,0,0,0,0,0,0
1420,0,0,219008,0,0,0,0,0,0,0,0,0,0,0,0
1421,0,0,219010,0,0,0,0,0,0,0,0,0,0,0,0
1422,0,0,219009,0,0,0,0,0,0,0,0,0,0,0,0
1423,0,0,219011,0,0,0,0,0,0,0,0,0,0,0,0
1424,0,0,219019,0,0,0,0,0,0,0,0,0,0,0,0
1425,0,0,219194,0,0,0,0,0,0,0,0,0,0,0,0
1426,0,0,219195,0,0,0,0,0,0,0,0,0,0,0,0
1427,0,0,219196,0,0,0,0,0,0,0,0,0,0,0,0
1428,0,19,219342,4293,380,0,0,0,0,0,0,80905,120391,0,0
1429,0,19,219339,4293,380,0,0,0,0,0,0,80904,120391,0,0
1430,0,19,219338,4293,380,0,0,0,0,0,0,80903,120391,0,0
1431,0,19,219340,4293,380,0,0,0,0,0,0,80902,120391,0,0
1432,0,19,219337,4293,380,0,0,0,0,0,0,80901,120391,0,0
1433,0,19,219341,4293,380,0,0,0,0,0,0,80900,120391,0,0
1434,0,19,219336,4293,380,0,0,0,0,0,0,80899,120391,0,0
1435,0,19,219335,4293,380,0,0,0,0,0,0,80898,120391,0,0
1436,0,19,219334,4293,380,0,0,0,0,0,0,80897,120391,0,0
1437,0,19,219331,4293,380,0,0,0,0,0,0,80896,120391,0,0
1438,0,19,219330,4293,380,0,0,0,0,0,0,80895,120391,0,0
1439,0,19,219332,4293,380,0,0,0,0,0,0,80894,120391,0,0
1440,0,19,219329,4293,380,0,0,0,0,0,0,80893,120391,0,0
1441,0,19,219333,4293,380,0,0,0,0,0,0,80892,120391,0,0
1442,0,19,219328,4293,380,0,0,0,0,0,0,80891,120391,0,0
1443,0,19,219327,4293,380,0,0,0,0,0,0,80890,120391,0,0
1444,0,0,219403,0,0,0,0,0,0,0,0,81298,120380,0,0
1445,0,20,219480,4292,150,0,0,0,0,0,0,80912,120389,0,0
1446,0,20,219472,4292,150,0,0,0,0,0,0,80906,120389,0,0
1447,0,20,219470,4292,150,0,0,0,0,0,0,80907,120389,0,0
1448,0,20,219478,4292,150,0,0,0,0,0,0,80908,120389,0,0
1449,0,20,219476,4292,150,0,0,0,0,0,0,80909,120390,0,0
1450,0,20,219479,4292,150,0,0,0,0,0,0,80910,120390,0,0
1451,0,20,219477,4292,150,0,0,0,0,0,0,80911,120390,0,0
1452,0,20,219471,4292,150,0,0,0,0,0,0,80913,120389,0,0
1453,0,20,219485,4292,150,0,0,0,0,0,0,80920,120389,0,0
1454,0,20,219475,4292,150,0,0,0,0,0,0,80914,120389,0,0
1455,0,20,219473,4292,150,0,0,0,0,0,0,80915,120389,0,0
1456,0,20,219483,4292,150,0,0,0,0,0,0,80916,120389,0,0
1457,0,20,219481,4292,150,0,0,0,0,0,0,80917,120390,0,0
1458,0,20,219484,4292,150,0,0,0,0,0,0,80918,120390,0,0
1459,0,20,219482,4292,150,0,0,0,0,0,0,80919,120390,0,0
1460,0,20,219474,4292,150,0,0,0,0,0,0,80921,120389,0,0
1461,0,19,219511,4293,565,0,0,0,0,0,0,80958,120391,0,0
1462,0,19,219513,4293,565,0,0,0,0,0,0,80956,120391,0,0
1463,0,19,219512,4293,565,0,0,0,0,0,0,80957,120391,0,0
1464,0,19,219509,4293,565,0,0,0,0,0,0,80961,120391,0,0
1465,0,19,219508,4293,565,0,0,0,0,0,0,80960,120391,0,0
1466,0,19,219507,4293,565,0,0,0,0,0,0,80959,120391,0,0
1467,0,16,0,0,400,0,0,0,0,0,0,80922,120390,0,0
1468,0,16,0,0,400,0,0,0,0,0,0,80923,120390,0,0
1469,0,19,219501,4293,565,0,0,0,0,0,0,80924,120391,0,0
1470,0,19,219502,4293,565,0,0,0,0,0,0,80925,120391,0,0
1471,0,19,219489,4293,565,0,0,0,0,0,0,80926,120391,0,0
1472,0,19,219492,4293,565,0,0,0,0,0,0,80927,120391,0,0
1474,0,20,219866,4294,200,0,0,0,0,0,0,80928,120390,0,0
1475,0,19,219872,4294,400,0,0,0,0,0,0,80929,120391,0,0
1476,0,20,219873,4294,200,0,0,0,0,0,0,80930,120390,0,0
1477,0,19,219874,4294,400,0,0,0,0,0,0,80931,120391,0,0
1478,0,20,219864,4294,200,0,0,0,0,0,0,80932,120390,0,0
1479,0,19,219870,4294,400,0,0,0,0,0,0,80933,120391,0,0
1480,0,20,219861,4294,200,0,0,0,0,0,0,80934,120390,0,0
1481,0,19,219867,4294,400,0,0,0,0,0,0,80935,120391,0,0
1482,0,20,219875,4294,200,0,0,0,0,0,0,80936,120390,0,0
1483,0,19,219876,4294,400,0,0,0,0,0,0,80937,120391,0,0
1484,0,20,219865,4294,200,0,0,0,0,0,0,80938,120390,0,0
1485,0,19,219871,4294,400,0,0,0,0,0,0,80939,120391,0,0
1486,0,20,219862,4294,200,0,0,0,0,0,0,80940,120390,0,0
1487,0,19,219868,4294,400,0,0,0,0,0,0,80941,120391,0,0
1488,0,20,219863,4294,200,0,0,0,0,0,0,80942,120390,0,0
1489,0,19,219869,4294,400,0,0,0,0,0,0,80943,120391,0,0
1555,0,22,0,0,400,0,0,0,0,0,0,80944,120389,0,0
1556,0,16,0,0,400,0,0,0,0,0,0,80945,120389,0,0
1557,0,16,0,0,400,0,0,0,0,0,0,80946,120389,0,0
1558,0,16,0,0,400,0,0,0,0,0,0,80947,120389,0,0
1559,0,16,0,0,400,0,0,0,0,0,0,80948,120389,0,0
1560,0,16,0,0,400,0,0,0,0,0,0,80949,120389,0,0
1561,0,16,0,0,400,0,0,0,0,0,0,80950,120389,0,0
1562,0,22,0,0,400,0,0,0,0,0,0,80951,120389,0,0
1563,0,0,219905,0,0,0,0,0,0,0,0,80952,120389,0,0
1564,0,15,0,0,400,0,0,0,0,0,0,80953,120390,0,0
1565,0,15,0,0,400,0,0,0,0,0,0,80954,120390,0,0
1566,0,23,0,0,300,0,0,0,0,0,0,80955,120389,0,0
1568,0,21,219931,4293,325,0,0,0,0,0,0,80746,120385,0,0
1569,0,21,219932,4293,325,0,0,0,0,0,0,80747,120385,0,0
1570,0,21,219933,4293,325,0,0,0,0,0,0,80748,120385,0,0
1571,2,0,0,0,0,0,0,0,0,0,0,0,0,0,0
1572,2,0,0,0,0,0,0,0,0,0,0,0,0,0,0
1573,2,0,0,0,0,0,0,0,0,0,0,0,0,0,0
1574,2,0,0,0,0,0,0,0,0,0,0,0,0,0,0
1575,2,0,0,0,0,0,0,0,0,0,0,0,0,0,0
1576,3,23,0,0,480,0,0,0,0,0,0,81008,120378,0,0
1577,3,23,0,0,480,0,0,0,0,0,0,81041,120378,0,0
1578,3,23,0,0,480,0,0,0,0,0,0,81068,120378,0,0
1579,3,17,0,0,250,0,0,0,0,0,0,81031,120377,0,0
1580,3,15,0,0,480,0,0,0,0,0,0,81059,120379,0,0
1581,3,17,0,0,250,0,0,0,0,0,0,81056,120377,0,0
1582,3,15,0,0,480,0,0,0,0,0,0,80993,120379,0,0
1583,3,17,0,0,250,0,0,0,0,0,0,81053,120377,0,0
1584,3,15,0,0,480,0,0,0,0,0,0,81047,120379,0,0
1585,3,17,0,0,250,0,0,0,0,0,0,81013,120377,0,0
1586,3,15,0,0,480,0,0,0,0,0,0,81022,120379,0,0
1587,3,15,0,0,480,0,0,0,0,0,0,81004,120379,0,0
1588,3,15,0,0,480,0,0,0,0,0,0,81075,120379,0,0
1589,3,15,0,0,480,0,0,0,0,0,0,81012,120379,0,0
1590,0,23,0,0,400,0,0,0,0,0,0,81040,120377,0,0
1591,0,23,0,0,400,0,0,0,0,0,0,81072,120377,0,0
1592,0,23,0,0,400,0,0,0,0,0,0,81054,120377,0,0
1593,0,23,0,0,400,0,0,0,0,0,0,81063,120377,0,0
1594,0,23,0,0,400,0,0,0,0,0,0,81074,120377,0,0
1595,0,23,0,0,400,0,0,0,0,0,0,81035,120377,0,0
1596,0,23,0,0,400,0,0,0,0,0,0,81005,120377,0,0
1597,0,23,0,0,400,0,0,0,0,0,0,81049,120377,0,0
1598,0,23,0,0,400,0,0,0,0,0,0,81025,120377,0,0
1599,0,23,0,0,400,0,0,0,0,0,0,81015,120377,0,0
1600,0,23,0,0,400,0,0,0,0,0,0,81016,120377,0,0
1601,0,23,0,0,400,0,0,0,0,0,0,81042,120377,0,0
1602,0,23,0,0,400,0,0,0,0,0,0,81030,120377,0,0
1603,0,23,0,0,400,0,0,0,0,0,0,81036,120377,0,0
1604,0,23,0,0,400,0,0,0,0,0,0,81062,120377,0,0
1605,0,23,0,0,400,0,0,0,0,0,0,80992,120377,0,0
1606,0,23,0,0,400,0,0,0,0,0,0,81038,120377,0,0
1607,0,23,0,0,400,0,0,0,0,0,0,81039,120377,0,0
1608,0,23,0,0,400,0,0,0,0,0,0,80999,120377,0,0
1609,0,23,0,0,400,0,0,0,0,0,0,81023,120377,0,0
1610,0,23,0,0,400,0,0,0,0,0,0,81029,120377,0,0
1611,0,23,0,0,400,0,0,0,0,0,0,81002,120377,0,0
1612,0,23,0,0,400,0,0,0,0,0,0,81069,120377,0,0
1613,0,23,0,0,400,0,0,0,0,0,0,81018,120377,0,0
1614,0,18,0,0,480,0,0,0,0,0,0,81043,120377,0,0
1615,0,18,0,0,480,0,0,0,0,0,0,81067,120377,0,0
1616,0,0,224069,0,0,0,0,0,0,0,0,81071,120378,0,0
1617,0,0,224072,0,0,0,0,0,0,0,0,81020,120378,0,0
1618,0,0,224073,0,0,0,0,0,0,0,0,81027,120378,0,0
1619,0,20,224114,4294,200,0,0,0,0,0,0,81034,120378,0,0
1620,0,21,224115,4294,475,0,0,0,0,0,0,81044,120378,0,0
1621,0,19,224116,4294,475,0,0,0,0,0,0,80996,120378,0,0
1622,0,21,224404,4292,300,0,0,0,0,0,0,80997,120377,0,0
1623,0,19,224405,4293,430,0,0,0,0,0,0,81028,120379,0,0
1624,0,17,0,0,480,0,0,0,0,0,0,81011,120377,0,0
1625,0,23,0,0,480,0,0,0,0,0,0,80991,120377,0,0
1626,0,23,0,0,480,0,0,0,0,0,0,81019,120377,0,0
1627,3,15,0,0,480,0,0,0,0,0,0,81026,120379,0,0
1628,3,15,0,0,480,0,0,0,0,0,0,80995,120379,0,0
1629,3,15,0,0,480,0,0,0,0,0,0,81006,120379,0,0
1630,3,15,0,0,480,0,0,0,0,0,0,80994,120379,0,0
1631,3,15,0,0,480,0,0,0,0,0,0,81037,120378,0,0
1632,3,15,0,0,480,0,0,0,0,0,0,81001,120378,0,0
1633,3,15,0,0,480,0,0,0,0,0,0,81050,120378,0,0
1634,3,15,0,0,480,0,0,0,0,0,0,81052,120378,0,0
1635,3,15,0,0,480,0,0,0,0,0,0,81070,120378,0,0
1636,3,15,0,0,480,0,0,0,0,0,0,81009,120379,0,0
1637,3,23,0,0,480,0,0,0,0,0,0,81051,120378,0,0
1638,3,23,0,0,480,0,0,0,0,0,0,80990,120378,0,0
1639,3,23,0,0,480,0,0,0,0,0,0,81057,120378,0,0
1640,3,23,0,0,480,0,0,0,0,0,0,81024,120378,0,0
1641,3,17,0,0,400,0,0,0,0,0,0,81000,120377,0,0
1642,3,17,0,0,400,0,0,0,0,0,0,81073,120377,0,0
1643,3,17,0,0,400,0,0,0,0,0,0,81033,120377,0,0
1644,3,17,0,0,400,0,0,0,0,0,0,81010,120377,0,0
1645,3,17,0,0,250,0,0,0,0,0,0,81064,120378,0,0
1646,3,23,0,0,480,0,0,0,0,0,0,81007,120378,0,0
1647,3,17,0,0,250,0,0,0,0,0,0,81046,120378,0,0
1648,3,23,0,0,480,0,0,0,0,0,0,80998,120378,0,0
1649,3,17,0,0,250,0,0,0,0,0,0,81048,120378,0,0
1650,3,23,0,0,480,0,0,0,0,0,0,81003,120378,0,0
1651,3,15,0,0,480,0,0,0,0,0,0,81061,120378,0,0
1652,3,17,0,0,250,0,0,0,0,0,0,81045,120377,0,0
1653,3,15,0,0,480,0,0,0,0,0,0,81065,120378,0,0
1654,3,17,0,0,250,0,0,0,0,0,0,81021,120377,0,0
1655,3,15,0,0,480,0,0,0,0,0,0,81058,120378,0,0
1656,3,17,0,0,250,0,0,0,0,0,0,81017,120377,0,0
1657,3,15,0,0,480,0,0,0,0,0,0,81066,120379,0,0
1658,3,15,0,0,480,0,0,0,0,0,0,81060,120379,0,0
1659,3,15,0,0,480,0,0,0,0,0,0,81032,120379,0,0
1660,3,15,0,0,480,0,0,0,0,0,0,81055,120379,0,0
1661,3,15,0,0,390,0,0,0,0,0,0,81014,120379,0,0
1662,0,0,222702,0,0,0,0,0,0,0,0,0,0,0,0
1663,0,0,222703,0,0,0,0,0,0,0,0,0,0,0,0
1664,0,0,222704,0,0,0,0,0,0,0,0,0,0,0,0
1665,0,0,222705,0,0,0,0,0,0,0,0,0,0,0,0
1666,0,0,222706,0,0,0,0,0,0,0,0,0,0,0,0
1667,0,0,222707,0,0,0,0,0,0,0,0,0,0,0,0
1668,0,0,222708,0,0,0,0,0,0,0,0,0,0,0,0
1669,0,0,222709,0,0,0,0,0,0,0,0,0,0,0,0
1670,0,0,222710,0,0,0,0,0,0,0,0,0,0,0,0
1671,0,0,222711,0,0,0,0,0,0,0,0,0,0,0,0
1672,0,0,222712,0,0,0,0,0,0,0,0,0,0,0,0
1673,0,0,222713,0,0,0,0,0,0,0,0,0,0,0,0
1674,0,0,222714,0,0,0,0,0,0,0,0,0,0,0,0
1675,0,0,222715,0,0,0,0,0,0,0,0,0,0,0,0
1676,0,0,222716,0,0,0,0,0,0,0,0,0,0,0,0
1677,0,0,222717,0,0,0,0,0,0,0,0,0,0,0,0
1678,0,0,222718,0,0,0,0,0,0,0,0,0,0,0,0
1679,0,0,222719,0,0,0,0,0,0,0,0,0,0,0,0
1680,0,0,222720,0,0,0,0,0,0,0,0,0,0,0,0
1681,0,0,222721,0,0,0,0,0,0,0,0,0,0,0,0
1682,0,0,222722,0,0,0,0,0,0,0,0,0,0,0,0
1683,0,0,222723,0,0,0,0,0,0,0,0,0,0,0,0
1684,0,0,222724,0,0,0,0,0,0,0,0,0,0,0,0
1685,0,0,222725,0,0,0,0,0,0,0,0,0,0,0,0
1686,0,0,222726,0,0,0,0,0,0,0,0,0,0,0,0
1687,0,0,222727,0,0,0,0,0,0,0,0,0,0,0,0
1688,0,0,222728,0,0,0,0,0,0,0,0,0,0,0,0
1689,0,0,222729,0,0,0,0,0,0,0,0,0,0,0,0
1690,0,0,222730,0,0,0,0,0,0,0,0,0,0,0,0
1691,0,0,222731,0,0,0,0,0,0,0,0,0,0,0,0
1692,0,0,222732,0,0,0,0,0,0,0,0,0,0,0,0
1693,0,0,222733,0,0,0,0,0,0,0,0,0,0,0,0
1695,0,0,222735,0,0,0,0,0,0,0,0,0,0,0,0
1696,0,0,222736,0,0,0,0,0,0,0,0,0,0,0,0
1700,0,0,220420,0,0,0,0,0,0,0,0,0,0,0,0
1701,0,0,220421,0,0,0,0,0,0,0,0,0,0,0,0
1702,0,0,220422,0,0,0,0,0,0,0,0,0,0,0,0
1703,0,0,220423,0,0,0,0,0,0,0,0,0,0,0,0
1706,0,0,220426,0,0,0,0,0,0,0,0,0,0,0,0
1707,0,0,220427,0,0,0,0,0,0,0,0,0,0,0,0
1709,0,0,222742,0,0,0,0,0,0,0,0,0,0,0,0
1710,0,0,222743,0,0,0,0,0,0,0,0,0,0,0,0
1711,0,0,222744,0,0,0,0,0,0,0,0,0,0,0,0
1712,0,0,222745,0,0,0,0,0,0,0,0,0,0,0,0
1713,0,0,0,0,0,0,0,0,0,0,0,0,0,0,0
1714,0,0,222747,0,0,0,0,0,0,0,0,0,0,0,0
1715,0,0,222748,0,0,0,0,0,0,0,0,0,0,0,0
1716,0,0,222749,0,0,0,0,0,0,0,0,0,0,0,0
1793,2,0,0,0,0,0,0,0,0,0,0,0,0,0,0
1794,2,0,0,0,0,0,0,0,0,0,0,0,0,0,0
1795,1,0,0,0,0,0,0,0,0,0,0,81301,120380,0,125340
1796,2,0,0,0,0,0,0,0,0,0,0,0,0,0,0
1797,0,19,221801,4293,435,0,0,0,0,0,0,81303,120382,0,0
1798,0,19,221802,4293,435,0,0,0,0,0,0,81304,120382,0,0
1799,0,19,221803,4293,435,0,0,0,0,0,0,81305,120382,0,0
1800,0,19,221804,4293,435,0,0,0,0,0,0,81306,120382,0,0
1801,0,19,221805,4293,435,0,0,0,0,0,0,81307,120382,0,0
1802,0,19,221806,4293,435,0,0,0,0,0,0,81308,120382,0,0
1803,0,19,221807,4293,435,0,0,0,0,0,0,81309,120382,0,0
1804,0,19,221808,4293,435,0,0,0,0,0,0,81310,120382,0,0
1805,0,21,221786,4294,200,0,0,0,0,0,0,81311,120381,0,0
1806,0,19,221787,4294,490,0,0,0,0,0,0,81312,120382,0,0
1807,0,21,221788,4294,250,0,0,0,0,0,0,81313,120381,0,0
1808,0,19,221789,4294,500,0,0,0,0,0,0,81314,120382,0,0
1809,0,21,221790,4294,250,0,0,0,0,0,0,81315,120381,0,0
1810,0,19,221791,4294,500,0,0,0,0,0,0,81316,120382,0,0
1811,0,21,221792,4294,200,0,0,0,0,0,0,81317,120381,0,0
1812,0,19,221793,4294,490,0,0,0,0,0,0,81318,120382,0,0
1813,0,21,221795,4294,250,0,0,0,0,0,0,81319,120381,0,0
1814,0,19,221796,4294,500,0,0,0,0,0,0,81320,120382,0,0
1815,0,21,221797,4294,200,0,0,0,0,0,0,81321,120381,0,0
1816,0,19,221798,4294,490,0,0,0,0,0,0,81322,120382,0,0
1817,0,21,221799,4294,250,0,0,0,0,0,0,81323,120381,0,0
1818,0,19,221800,4294,500,0,0,0,0,0,0,81324,120382,0,0
1819,0,18,0,0,410,0,0,0,0,0,0,81325,120380,0,0
1820,0,18,0,0,410,0,0,0,0,0,0,81326,120380,0,0
1821,0,22,0,0,410,0,0,0,0,0,0,81327,120380,0,0
1822,0,22,0,0,410,0,0,0,0,0,0,81328,120380,0,0
1823,0,16,0,0,410,0,0,0,0,0,0,81329,120380,0,0
1824,0,16,0,0,410,0,0,0,0,0,0,81330,120380,0,0
1825,0,23,0,0,505,0,0,0,0,0,100,81331,120381,0,0
1826,0,23,0,0,505,0,0,0,0,0,100,81332,120381,0,0
1827,0,23,0,0,505,0,0,0,0,0,100,81333,120381,0,0
1828,0,23,0,0,505,0,0,0,0,0,0,81334,120381,0,0
1829,0,23,0,0,505,0,0,0,0,0,0,81335,120381,0,0
1830,0,23,0,0,505,0,0,0,0,0,0,81336,120381,0,0
1831,0,15,0,0,505,0,0,0,0,0,0,81337,120381,0,0
1832,0,15,0,0,505,0,0,0,0,0,0,81338,120381,0,0
1833,0,15,0,0,505,0,0,0,0,0,0,81339,120381,0,0
1834,0,15,0,0,505,0,0,0,0,0,0,81340,120381,0,0
1835,0,19,221969,4293,435,0,0,0,0,0,0,81341,120382,0,0
1836,0,16,0,0,435,0,0,0,0,0,0,81342,120381,0,0
1837,0,16,0,0,435,0,0,0,0,0,0,81343,120381,0,0
1838,0,16,0,0,435,0,0,0,0,0,0,81344,120381,0,0
1839,0,16,0,0,435,0,0,0,0,0,0,81345,120381,0,0
1840,0,16,0,0,410,0,0,0,0,0,0,81346,120381,0,0
1841,0,16,0,0,410,0,0,0,0,0,0,81347,120381,0,0
1842,0,16,0,0,410,0,0,0,0,0,0,81348,120381,0,0
1843,0,16,0,0,410,0,0,0,0,0,0,81349,120381,0,0
1844,0,16,0,0,410,0,0,0,0,0,0,81350,120381,0,0
1845,0,16,0,0,410,0,0,0,0,0,0,81351,120381,0,0
1846,0,16,0,0,410,0,0,0,0,0,0,81352,120381,0,0
1847,0,0,221945,0,0,0,0,0,0,0,0,81353,120381,0,0
1848,0,0,221949,0,0,0,0,0,0,0,0,81354,120381,0,0
1849,0,23,0,0,430,0,0,0,0,0,0,81355,120381,0,0
1850,0,0,221957,0,0,0,0,0,0,0,0,81356,120381,0,0
1851,0,0,221959,0,0,0,0,0,0,0,0,81357,120381,0,0
1852,0,0,219387,0,0,0,0,0,0,0,0,81382,120381,0,0
1853,0,0,221962,0,0,0,0,0,0,0,0,81358,120381,0,0
1854,0,0,221964,0,0,0,0,0,0,0,0,81359,120381,0,0
1855,0,0,221966,0,0,0,0,0,0,0,0,81360,120381,0,0
1856,0,0,221967,0,0,0,0,0,0,0,0,81361,120382,0,0
2136,0,22,0,0,525,0,0,0,0,0,0,80492,120374,0,0
2137,0,22,0,0,525,0,0,0,0,0,0,80595,120375,0,0
2138,0,16,0,0,525,0,0,0,0,0,0,80596,120375,0,0
2139,0,22,0,0,525,0,0,0,0,0,0,80597,120375,0,0
2140,0,19,222429,4293,490,0,0,0,0,0,0,80598,120375,0,0
2141,0,19,222430,4293,490,0,0,0,0,0,0,80599,120375,0,0
2142,0,19,222431,4293,490,0,0,0,0,0,0,80600,120375,0,0
2143,0,19,222432,4293,490,0,0,0,0,0,0,80601,120375,0,0
2144,0,19,222433,4293,490,0,0,0,0,0,0,80602,120375,0,0
2145,0,19,222434,4293,490,0,0,0,0,0,0,80603,120375,0,0
2146,0,19,222435,4293,490,0,0,0,0,0,0,80604,120375,0,0
2147,0,19,222436,4293,490,0,0,0,0,0,0,80605,120375,0,0
2148,0,19,222437,4293,490,0,0,0,0,0,0,80606,120375,0,0
2149,0,19,222438,4293,505,0,0,0,0,0,0,80607,120375,0,0
2150,0,19,222439,4293,490,0,0,0,0,0,0,80608,120375,0,0
2151,0,19,222440,4293,505,0,0,0,0,0,0,80609,120375,0,0
2152,0,19,222441,4293,505,0,0,0,0,0,0,80610,120375,0,0
2153,0,19,222442,4293,505,0,0,0,0,0,0,80611,120375,0,0
2154,0,19,222443,4293,505,0,0,0,0,0,0,80612,120375,0,0
2155,0,19,222444,4293,505,0,0,0,0,0,0,80613,120375,0,0
2156,0,19,222445,4293,505,0,0,0,0,0,0,80614,120375,0,0
2157,0,19,222446,4293,505,0,0,0,0,0,0,80615,120375,0,0
2158,0,19,222447,4293,505,0,0,0,0,0,0,80616,120375,0,0
2159,0,19,222448,4293,505,0,0,0,0,0,0,80617,120375,0,0
2160,0,19,222449,4293,505,0,0,0,0,0,0,80618,120375,0,0
2161,0,19,222450,4293,505,0,0,0,0,0,0,80619,120375,0,0
2162,0,19,222451,4293,505,0,0,0,0,0,0,80620,120375,0,0
2165,0,19,222458,4293,505,0,0,0,0,0,0,80623,120375,0,0
2166,0,19,222459,4293,505,0,0,0,0,0,0,80624,120375,0,0
2170,0,19,222463,4293,525,0,0,0,0,0,0,80628,120375,0,0
2171,0,20,222464,4292,250,0,0,0,0,0,0,80629,120374,0,0
2172,0,20,222465,4292,250,0,0,0,0,0,0,80630,120374,0,0
2173,0,20,222466,4292,250,0,0,0,0,0,0,80631,120374,0,0
2174,0,20,222467,4292,250,0,0,0,0,0,0,80632,120374,0,0
2175,0,20,222468,4292,250,0,0,0,0,0,0,80633,120374,0,0
2176,0,20,222469,4292,250,0,0,0,0,0,0,80634,120374,0,0
2177,0,20,222470,4292,250,0,0,0,0,0,0,80635,120374,0,0
2178,0,20,222471,4292,200,0,0,0,0,0,0,80636,120374,0,0
2179,0,20,222472,4292,200,0,0,0,0,0,0,80637,120374,0,0
2180,0,20,222473,4292,250,0,0,0,0,0,0,80638,120374,0,0
2181,0,20,222474,4292,250,0,0,0,0,0,0,80639,120374,0,0
2182,0,20,222475,4292,250,0,0,0,0,0,0,80640,120374,0,0
2183,0,20,222476,4292,250,0,0,0,0,0,0,80641,120375,0,0
2184,0,20,222477,4292,200,0,0,0,0,0,0,80642,120375,0,0
2185,0,20,222478,4292,250,0,0,0,0,0,0,80643,120375,0,0
2186,0,20,222479,4292,250,0,0,0,0,0,0,80644,120375,0,0
2187,0,20,222480,4294,200,0,0,0,0,0,0,80645,120374,0,0
2188,0,20,222481,4294,200,0,0,0,0,0,0,80646,120374,0,0
2189,0,20,222482,4294,200,0,0,0,0,0,0,80647,120374,0,0
2190,0,20,222483,4294,250,0,0,0,0,0,0,80648,120374,0,0
2191,0,20,222484,4294,200,0,0,0,0,0,0,80649,120374,0,0
2192,0,20,222485,4294,250,0,0,0,0,0,0,80650,120374,0,0
2193,0,20,222486,4294,200,0,0,0,0,0,0,80651,120374,0,0
2194,0,20,222487,4294,250,0,0,0,0,0,0,80652,120374,0,0
2195,0,19,222488,4294,490,0,0,0,0,0,0,80653,120375,0,0
2196,0,19,222489,4294,490,0,0,0,0,0,0,80654,120375,0,0
2197,0,19,222490,4294,490,0,0,0,0,0,0,80655,120375,0,0
2198,0,19,222491,4294,505,0,0,0,0,0,0,80656,120375,0,0
2199,0,19,222492,4294,490,0,0,0,0,0,0,80657,120375,0,0
2200,0,19,222493,4294,505,0,0,0,0,0,0,80658,120375,0,0
2201,0,19,222494,4294,490,0,0,0,0,0,0,80659,120375,0,0
2202,0,19,222495,4294,505,0,0,0,0,0,0,80660,120375,0,0
2203,0,0,225660,0,0,0,0,0,0,0,0,80661,120375,0,0
2204,0,23,0,0,505,0,0,0,0,0,0,80662,120375,0,0
2205,0,23,0,0,515,0,0,0,0,0,0,80663,120375,0,0
2206,0,23,0,0,515,0,0,0,0,0,0,80664,120375,0,0
2207,0,23,0,0,515,0,0,0,0,0,0,80665,120375,0,0
2208,0,23,0,0,505,0,0,0,0,0,0,80666,120375,0,0
2209,0,23,0,0,505,0,0,0,0,0,0,80667,120375,0,0
2211,0,0,222520,0,0,0,0,0,0,0,0,83398,120374,0,0
2212,0,0,222523,0,0,0,0,0,0,0,0,83399,120374,0,0
2216,0,0,0,0,0,0,0,0,0,0,0,0,0,0,0
2230,0,0,225855,0,0,0,0,0,0,0,0,0,0,0,0
2232,2,22,0,0,505,0,0,0,0,0,0,0,0,0,0
2233,0,0,222546,0,0,0,0,0,0,0,0,80690,120383,0,0
2234,0,0,222547,0,0,0,0,0,0,0,0,80691,120383,0,0
2235,0,0,222548,0,0,0,0,0,0,0,0,80692,120383,0,0
2236,0,0,222549,0,0,0,0,0,0,0,0,80693,120383,0,0
2237,0,0,222550,0,0,0,0,0,0,0,0,80694,120383,0,0
2238,0,0,222551,0,0,0,0,0,0,0,0,80695,120383,0,0
2239,0,0,222552,0,0,0,0,0,0,0,0,80696,120383,0,0
2240,0,0,222553,0,0,0,0,0,0,0,0,80697,120383,0,0
2241,0,0,222554,0,0,0,0,0,0,0,0,80698,120383,0,0
2242,0,22,0,0,505,0,0,0,0,0,0,80699,120383,0,0
2243,0,22,0,0,505,0,0,0,0,0,0,80700,120383,0,0
2244,0,16,0,4766,515,0,0,0,0,0,0,80701,120384,0,0
2245,0,16,0,4766,515,0,0,0,0,0,0,80702,120384,0,0
2246,0,16,0,4766,515,0,0,0,0,0,0,80703,120384,0,0
2247,0,16,0,4766,515,0,0,0,0,0,0,80704,120384,0,0
2248,0,20,222565,4292,250,0,0,0,0,0,0,80705,120383,0,0
2249,0,19,222566,4293,525,0,0,0,0,0,0,80706,120384,0,0
2250,0,19,222567,4293,525,0,0,0,0,0,0,80707,120384,0,0
2251,0,19,222568,4293,525,0,0,0,0,0,0,80708,120384,0,0
2252,0,20,222569,4292,250,0,0,0,0,0,0,80709,120383,0,0
2253,0,20,222570,4292,250,0,0,0,0,0,0,80710,120383,0,0
2255,0,15,0,0,565,0,0,0,0,0,0,80712,120383,0,0
2256,0,20,222573,4294,250,0,0,0,0,0,0,80713,120383,0,0
2257,0,19,222574,4294,580,0,0,0,0,0,0,80714,120384,0,0
2258,0,20,222575,4294,250,0,0,0,0,0,0,80715,120383,0,0
2259,0,19,222576,4294,580,0,0,0,0,0,0,80716,120384,0,0
2260,0,20,222577,4294,250,0,0,0,0,0,0,80717,120383,0,0
2261,0,19,222578,4294,590,0,0,0,0,0,0,80718,120384,0,0
2262,0,22,0,0,565,0,0,0,0,0,0,80719,120383,0,0
2263,0,22,0,0,565,0,0,0,0,0,0,80720,120383,0,0
2264,0,22,0,0,565,0,0,0,0,0,0,80721,120383,0,0
2265,0,22,0,0,565,0,0,0,0,0,0,80722,120383,0,0
2266,0,22,0,0,565,0,0,0,0,0,0,80723,120383,0,0
2267,0,22,0,0,565,0,0,0,0,0,0,80724,120383,0,0
2268,0,15,0,0,555,0,0,0,0,0,0,80725,120383,0,0
2269,0,15,0,0,555,0,0,0,0,0,0,80726,120383,0,0
2270,0,15,0,0,555,0,0,0,0,0,0,80727,120383,0,0
2271,0,15,0,0,555,0,0,0,0,0,0,80728,120383,0,0
2272,0,16,0,0,505,0,0,0,0,0,0,80729,120383,0,0
2273,0,16,0,0,505,0,0,0,0,0,0,80730,120384,0,0
2274,0,0,222621,0,0,0,0,0,0,0,0,80731,120383,0,0
2275,0,0,0,0,0,0,0,0,0,0,0,0,0,0,0
2276,0,0,0,0,0,0,0,0,0,0,0,0,0,0,0
2277,2,0,0,0,0,0,0,0,0,0,0,0,0,0,0
2278,0,0,0,0,0,0,0,0,0,0,0,0,0,0,0
2279,0,22,0,0,565,0,0,0,0,0,0,80732,120383,0,0
2280,0,22,0,0,565,0,0,0,0,0,0,80733,120383,0,0
2281,0,22,0,0,565,0,0,0,0,0,0,80734,120383,0,0
2282,0,22,0,0,565,0,0,0,0,0,0,80735,120383,0,0
2283,0,22,0,0,565,0,0,0,0,0,0,80736,120383,0,0
2284,0,22,0,0,565,0,0,0,0,0,0,80737,120383,0,0
2285,0,22,0,0,565,0,0,0,0,0,0,80738,120383,0,0
2286,0,0,222649,0,0,0,0,0,0,0,0,80739,120383,0,0
2288,0,14,222651,4293,230,0,0,0,0,0,0,80741,120384,0,0
2338,2,22,0,0,450,0,0,0,0,0,0,0,0,0,0
2339,0,16,0,0,630,0,0,0,0,0,0,80800,120392,0,0
2340,0,16,0,0,630,0,0,0,0,0,0,80801,120392,0,0
2341,0,22,0,0,450,0,0,0,0,0,0,80802,120392,0,0
2342,0,19,222807,4293,615,0,0,0,0,0,0,80803,120393,0,0
2343,0,19,222808,4293,615,0,0,0,0,0,0,80804,120393,0,0
2344,0,19,222809,4293,615,0,0,0,0,0,0,80805,120393,0,0
2345,0,19,222810,4293,615,0,0,0,0,0,0,80806,120393,0,0
2346,0,19,222811,4293,615,0,0,0,0,0,0,80807,120393,0,0
2347,0,19,222812,4293,615,0,0,0,0,0,0,80808,120393,0,0
2349,0,19,222814,4293,455,0,0,0,0,0,0,80810,120393,0,0
2350,0,19,222815,4293,455,0,0,0,0,0,0,80811,120393,0,0
2351,0,19,222816,4293,455,0,0,0,0,0,0,80812,120393,0,0
2352,0,19,222817,4293,455,0,0,0,0,0,0,80813,120393,0,0
2353,0,19,222818,4293,455,0,0,0,0,0,0,80814,120393,0,0
2354,0,19,222819,4293,455,0,0,0,0,0,0,80815,120393,0,0
2355,0,19,222820,4293,455,0,0,0,0,0,0,80816,120393,0,0
2356,0,19,222821,4293,455,0,0,0,0,0,0,80817,120393,0,0
2357,0,19,222822,4293,455,0,0,0,0,0,0,80818,120393,0,0
2367,0,20,222832,4292,150,0,0,0,0,0,0,80819,120392,0,0
2368,0,20,222833,4292,150,0,0,0,0,0,0,80820,120392,0,0
2369,0,20,222834,4292,200,0,0,0,0,0,0,80821,120392,0,0
2370,0,20,222835,4292,150,0,0,0,0,0,0,80822,120392,0,0
2371,0,20,222836,4292,200,0,0,0,0,0,0,80823,120392,0,0
2372,0,20,222837,4292,150,0,0,0,0,0,0,80824,120392,0,0
2373,0,20,222838,4292,200,0,0,0,0,0,0,80825,120392,0,0
2374,0,20,222839,4292,200,0,0,0,0,0,0,80826,120392,0,0
2375,0,20,222840,4292,200,0,0,0,0,0,0,80827,120392,0,0
2376,0,20,222841,4292,250,0,0,0,0,0,0,80828,120392,0,0
2377,0,20,222842,4292,250,0,0,0,0,0,0,80829,120392,0,0
2378,0,20,222843,4292,250,0,0,0,0,0,0,80830,120392,0,0
2379,0,20,222844,4292,250,0,0,0,0,0,0,80831,120392,0,0
2380,0,20,222845,4292,250,0,0,0,0,0,0,80832,120392,0,0
2381,0,20,222846,4292,250,0,0,0,0,0,0,80833,120392,0,0
2382,0,19,222847,4294,505,0,0,0,0,0,0,80834,120393,0,0
2383,0,19,222848,4294,505,0,0,0,0,0,0,80835,120393,0,0
2384,0,19,222849,4294,505,0,0,0,0,0,0,80836,120393,0,0
2385,0,19,222850,4294,505,0,0,0,0,0,0,80837,120393,0,0
2386,0,19,222851,4294,505,0,0,0,0,0,0,80838,120393,0,0
2387,0,19,222852,4294,505,0,0,0,0,0,0,80839,120393,0,0
2388,0,0,222853,0,0,0,0,0,0,0,0,80840,120393,0,0
2389,0,0,222854,0,0,0,0,0,0,0,0,80841,120393,0,0
2390,0,0,222855,0,0,0,0,0,0,0,0,80842,120393,0,0
2391,0,0,222856,0,0,0,0,0,0,0,0,80843,120393,0,0
2392,0,0,222857,0,0,0,0,0,0,0,0,80844,120393,0,0
2393,0,0,222858,0,0,0,0,0,0,0,0,80845,120393,0,0
2394,0,0,222859,0,0,0,0,0,0,0,0,80846,120393,0,0
2395,0,0,222860,0,0,0,0,0,0,0,0,80847,120393,0,0
2396,0,0,222861,0,0,0,0,0,0,0,0,80848,120393,0,0
2397,0,0,222862,0,0,0,0,0,0,0,0,80849,120393,0,0
2398,0,0,222863,0,0,0,0,0,0,0,0,80850,120393,0,0
2399,0,0,222864,0,0,0,0,0,0,0,0,80851,120393,0,0
2400,0,0,222865,0,0,0,0,0,0,0,0,80852,120393,0,0
2401,0,0,222866,0,0,0,0,0,0,0,0,80853,120393,0,0
2402,0,0,222867,0,0,0,0,0,0,0,0,80854,120393,0,0
2403,0,16,0,0,630,0,0,0,0,0,0,80855,120393,0,0
2404,0,16,0,0,630,0,0,0,0,0,0,80856,120393,0,0
2407,0,23,0,0,390,0,0,0,0,0,0,80859,120393,0,0
2408,0,23,0,0,390,0,0,0,0,0,0,80860,120393,0,0
2409,0,23,0,0,390,0,0,0,0,0,0,80861,120393,0,0
2410,0,23,0,0,390,0,0,0,0,0,0,80862,120393,0,0
2411,0,23,0,0,400,0,0,0,0,0,0,80863,120393,0,0
2412,0,15,0,0,605,0,0,0,0,0,0,80864,120393,0,0
2413,0,15,0,0,605,0,0,0,0,0,0,80865,120393,0,0
2414,0,17,0,0,355,0,0,0,0,0,0,80866,120392,0,0
2415,1,16,0,0,650,0,0,0,0,0,0,81140,120372,0,124147
2416,1,16,0,0,650,0,0,0,0,0,0,81141,120372,0,124148
2417,1,0,0,0,0,0,0,0,0,0,0,81142,120372,0,124149
2418,1,0,0,0,0,0,0,0,0,0,0,81143,120372,0,124150
2419,1,0,0,0,0,0,0,0,0,0,0,81144,120372,0,124151
2420,1,0,0,0,0,0,0,0,0,0,0,81145,120373,0,124152
2421,0,0,223968,0,0,0,0,0,0,0,0,0,0,0,0
2422,0,0,223969,0,0,0,0,0,0,0,0,0,0,0,0
2423,0,0,223970,0,0,0,0,0,0,0,0,0,0,0,0
2424,0,0,223971,0,0,0,0,0,0,0,0,0,0,0,0
2425,0,15,0,0,505,0,0,0,0,0,0,81363,120382,0,0
2426,0,0,224765,0,0,0,0,0,0,0,0,83107,120375,0,0
2427,0,22,0,0,450,0,0,0,0,0,0,80867,120392,0,0
2428,0,0,224852,0,0,0,0,0,0,0,0,80868,120393,0,0
2429,0,21,225366,4293,290,0,0,0,0,0,0,83290,120376,0,0
2430,0,21,225367,4293,290,0,0,0,0,0,0,83291,120376,0,0
2431,0,21,225371,4293,290,0,0,0,0,0,0,83292,120376,0,0
2432,0,21,225373,4293,275,0,0,0,0,0,0,83293,120376,0,0
2433,0,21,225374,4293,290,0,0,0,0,0,0,83294,120376,0,0
2434,0,21,225375,4293,290,0,0,0,0,0,0,83295,120376,0,0
2435,0,21,225376,4293,290,0,0,0,0,0,0,83296,120376,0,0
2436,0,21,225377,4293,290,0,0,0,0,0,0,83297,120376,0,0
2437,0,21,225370,4293,215,0,0,0,0,0,0,81386,120382,0,0
2438,0,21,225372,4293,305,0,0,0,0,0,0,80743,120385,0,0
2439,0,21,225368,4293,305,0,0,0,0,0,0,80744,120385,0,0
2440,0,21,225369,4293,305,0,0,0,0,0,0,80745,120385,0,0
2441,0,0,225592,0,0,0,0,0,0,0,0,0,0,0,0
2442,0,20,225642,4292,150,0,0,0,0,0,0,81364,120381,0,0
2443,0,20,225643,4292,150,0,0,0,0,0,0,81365,120381,0,0
2444,0,20,225644,4292,150,0,0,0,0,0,0,81366,120381,0,0
2445,0,20,225645,4292,150,0,0,0,0,0,0,81387,120381,0,0
2446,0,20,225646,4292,200,0,0,0,0,0,0,81388,120381,0,0
2447,3,17,0,0,450,0,0,0,0,0,0,0,0,0,0
2448,2,0,0,0,0,0,0,0,0,0,0,0,0,0,0
2449,2,0,0,0,0,0,0,0,0,0,0,0,0,0,0
2450,0,0,225884,0,0,0,0,0,0,0,0,0,0,0,0
2451,2,0,0,0,0,0,0,0,0,0,0,0,0,0,0
2452,0,0,225729,0,0,0,0,0,0,0,0,80869,120393,0,0
2453,0,0,225936,0,0,0,0,0,0,0,0,80870,120393,0,0
2454,0,18,0,0,410,0,0,0,0,0,0,84019,120381,0,0
2455,2,0,0,0,0,0,0,0,0,0,0,0,0,0,0
2456,0,18,0,0,420,0,0,0,0,0,0,84492,120371,0,0
2457,0,18,0,0,470,0,0,0,0,0,0,84493,120371,0,0
2458,2,0,0,0,0,0,0,0,0,0,0,0,0,0,0
